<?xml version="1.0" encoding="UTF-8" ?>
<!DOCTYPE ldml SYSTEM "../../common/dtd/ldml.dtd">
<ldml>
	<identity>
		<version number="$Revision: 4126 $"/>
		<generation date="$Date: 2009-05-05 18:33:13 -0500 (Tue, 05 May 2009) $"/>
		<language type="fil" /> 
	</identity>
		<collations>
			<collation type="standard" draft="unconfirmed" alt="proposed">
				<rules>
					<reset>N</reset>
                    <p>ñ</p>
                    <t>Ñ</t>
                    <p>ng</p>
                    <t>Ng</t>
                    <t>NG</t>
				</rules>
			</collation  >
		</collations>
</ldml>
