<?xml version="1.0" encoding="UTF-8" ?>
<!DOCTYPE ldml SYSTEM "../../common/dtd/ldml.dtd">
<ldml>
	<identity>
		<version number="$Revision: 4768 $"/>
		<generation date="$Date: 2010-02-27 21:22:52 -0600 (Sat, 27 Feb 2010) $"/>
		<language type="af"/>
	</identity>
	<fallback/>
	<fallback alt="proposed-x1001" draft="unconfirmed">nl en</fallback>
	<localeDisplayNames>
		<languages>
			<language type="af">Afrikaans</language>
			<language type="afa" draft="contributed">Ander Afro-Asiaties</language>
			<language type="afa" alt="proposed-x1001" draft="unconfirmed">Afro-Asiatiese taal</language>
			<language type="ak">Akan</language>
			<language type="am">Amharies</language>
			<language type="ar" references="R001">Arabies</language>
			<language type="arc" references="R000">Aramees</language>
			<language type="arc" alt="proposed-x1001" draft="unconfirmed">klassieke Aramees</language>
			<language type="art">Kunsmatige taal</language>
			<language type="art" alt="proposed-x1001" draft="unconfirmed">kunstmatige taal</language>
			<language type="as" draft="unconfirmed">Assamees</language>
			<language type="az" draft="unconfirmed">Aserbeidjaans</language>
			<language type="bat" draft="unconfirmed">Baltiese taal</language>
			<language type="be">Wit-Russies</language>
			<language type="ber" references="R001" draft="provisional">Berbers</language>
			<language type="ber" alt="proposed-x1001" draft="unconfirmed">Berberse taal</language>
			<language type="bg" references="R001">Bulgaars</language>
			<language type="bh" draft="unconfirmed">Biharise taal</language>
			<language type="bn">Bengaals</language>
			<language type="bnt" references="R001" draft="provisional">Bantoe</language>
			<language type="br" references="R001" draft="unconfirmed">Bretons</language>
			<language type="bs" draft="unconfirmed">Bosnies</language>
			<language type="ca" references="R000" draft="unconfirmed">Katalaans</language>
			<language type="cel">Keltiese taal</language>
			<language type="chr" references="R001" draft="unconfirmed">Cherokees</language>
			<language type="cop" references="R000" draft="unconfirmed">Kopties</language>
			<language type="cs" references="R001">Tsjeggies</language>
			<language type="cu" references="R001" draft="unconfirmed">Kerkslawies</language>
			<language type="cy" references="R001">Wallies</language>
			<language type="da" references="R000">Deens</language>
			<language type="de" references="R001">Duits</language>
			<language type="egy" draft="contributed">Antieke Egipties</language>
			<language type="egy" alt="proposed-x1001" draft="unconfirmed">antieke Egipties</language>
			<language type="el" references="R000">Grieks</language>
			<language type="en" references="R001">Engels</language>
			<language type="eo" references="R000" draft="unconfirmed">Esperanto</language>
			<language type="es">Spaans</language>
			<language type="es_419">Latyns-Amerikaanse Spaans</language>
			<language type="et" draft="contributed">Estnies</language>
			<language type="eu" references="R001" draft="unconfirmed">Baskies</language>
			<language type="fa" references="R000">Persies</language>
			<language type="fi" references="R001">Fins</language>
			<language type="fil" draft="provisional">Filippyns</language>
			<language type="fj" references="R001" draft="unconfirmed">Fidjiaans</language>
			<language type="fo" references="R001" draft="provisional">Faroëes</language>
			<language type="fr" references="R001">Frans</language>
			<language type="fy" draft="unconfirmed">Wes-Fries</language>
			<language type="ga" references="R001" draft="unconfirmed">Iers</language>
			<language type="gd" draft="unconfirmed">Skots-Gaelies</language>
			<language type="gem">Germaanse taal</language>
			<language type="gl" draft="unconfirmed">Galicies</language>
			<language type="gn" draft="unconfirmed">Guarani</language>
			<language type="got" references="R001">Goties</language>
			<language type="grc" draft="contributed">Antieke Grieks</language>
			<language type="grc" alt="proposed-x1001" draft="unconfirmed">antieke Grieks</language>
			<language type="gu" draft="unconfirmed">Gujarati</language>
			<language type="gv" references="R001" draft="unconfirmed">Manx</language>
			<language type="ha">Hausa</language>
			<language type="he" references="R001">Hebreeus</language>
			<language type="hi" references="R001">Hindi</language>
			<language type="hit" references="R001" draft="unconfirmed">Hetities</language>
			<language type="hr" draft="provisional">Kroaties</language>
			<language type="hu" references="R001">Hongaars</language>
			<language type="hy" draft="provisional">Armeens</language>
			<language type="ia" references="R001" draft="provisional">Interlingua</language>
			<language type="id" references="R001">Indonesies</language>
			<language type="ie" draft="provisional">Interlingue</language>
			<language type="ig">Igbo</language>
			<language type="ine">Indo-Europese taal</language>
			<language type="is" references="R001" draft="unconfirmed">Yslands</language>
			<language type="it" references="R001">Italiaans</language>
			<language type="ja" references="R001">Japannees</language>
			<language type="jv" references="R001">Javaans</language>
			<language type="ka" draft="unconfirmed">Georgies</language>
			<language type="khi" draft="unconfirmed">Khoi-San taal</language>
			<language type="km" references="R001">Khmer</language>
			<language type="kn" draft="unconfirmed">Kannada</language>
			<language type="ko">Koreaans</language>
			<language type="kru" draft="unconfirmed">Kurukh</language>
			<language type="ku">Koerdies</language>
			<language type="kw" references="R001" draft="unconfirmed">Kornies</language>
			<language type="ky" draft="unconfirmed">Kirgisies</language>
			<language type="la" references="R001" draft="unconfirmed">Latyn</language>
			<language type="li" draft="unconfirmed">Limburgs</language>
			<language type="ln" draft="unconfirmed">Lingala</language>
			<language type="lo" draft="unconfirmed">Laotanees</language>
			<language type="lt" references="R001" draft="unconfirmed">Litaus</language>
			<language type="lv" references="R001" draft="unconfirmed">Letties</language>
			<language type="mas" references="R001" draft="unconfirmed">Masai</language>
			<language type="mg" references="R001" draft="unconfirmed">Malgassies</language>
			<language type="mk" draft="unconfirmed">Macedonies</language>
			<language type="ml" draft="unconfirmed">Malabaars</language>
			<language type="mn">Mongools</language>
			<language type="mr" draft="unconfirmed">Marathi</language>
			<language type="ms">Maleisies</language>
			<language type="mt" draft="unconfirmed">Maltees</language>
			<language type="mul">Veelvuldige tale</language>
			<language type="mul" alt="proposed-x1001" draft="unconfirmed">(veelvuldige tale)</language>
			<language type="my" references="R001">Birmaans</language>
			<language type="nd">Noord-Ndebele</language>
			<language type="ne">Nepalees</language>
			<language type="nl" references="R000">Nederlands</language>
			<language type="nl_BE">Vlaams</language>
			<language type="nn" draft="contributed">Noorweegse Nynorsk</language>
			<language type="no" draft="unconfirmed">Noors</language>
			<language type="nr">Suid-Ndebele</language>
			<language type="nso">Noord-Sotho</language>
			<language type="oc" draft="unconfirmed">Occitaans</language>
			<language type="or" draft="unconfirmed">Oria</language>
			<language type="pa" references="R001">Pandjabi</language>
			<language type="phn" references="R000" draft="unconfirmed">Fenisies</language>
			<language type="pl" references="R001">Pools</language>
			<language type="ps" references="R001" draft="unconfirmed">Pasjtoe</language>
			<language type="pt">Portugees</language>
			<language type="pt_BR">Brasiliaanse Portugees</language>
			<language type="ro">Roemeens</language>
			<language type="ru">Russies</language>
			<language type="rw">Rwandees</language>
			<language type="sa" references="R000" draft="unconfirmed">Sanskrit</language>
			<language type="sco" references="R001" draft="unconfirmed">Skots</language>
			<language type="sd" draft="unconfirmed">Sindhi</language>
			<language type="sem" draft="unconfirmed">Semitiese taal</language>
			<language type="sgn" draft="unconfirmed">gebaretaal</language>
			<language type="sh" draft="unconfirmed">Serwo-Kroaties</language>
			<language type="si" draft="unconfirmed">Singalees</language>
			<language type="sk" references="R001" draft="unconfirmed">Slowaaks</language>
			<language type="sl" references="R001" draft="unconfirmed">Sloweens</language>
			<language type="sla">Slawiese taal</language>
			<language type="sn" references="R001" draft="unconfirmed">Shona</language>
			<language type="so">Somalies</language>
			<language type="sq" draft="unconfirmed">Albanees</language>
			<language type="sr" draft="unconfirmed">Serwies</language>
			<language type="ss" references="R001">Swazi</language>
			<language type="st">Suid-Sotho</language>
			<language type="su" draft="unconfirmed">Soedanees</language>
			<language type="sv" references="R001">Sweeds</language>
			<language type="sw" references="R001" draft="unconfirmed">Swahili</language>
			<language type="swb" draft="unconfirmed">Shimaorees</language>
			<language type="ta">Tamil</language>
			<language type="te" draft="unconfirmed">Telugees</language>
			<language type="th">Thais</language>
			<language type="th" alt="proposed-x1001" draft="unconfirmed">Thai</language>
			<language type="ti" draft="unconfirmed">Tigrinya</language>
			<language type="tk">Turkmeens</language>
			<language type="tlh" draft="unconfirmed">Klingon</language>
			<language type="tn" references="R001">Tswana</language>
			<language type="tr" references="R001">Turks</language>
			<language type="ts" references="R001">Tsonga</language>
			<language type="tw" draft="unconfirmed">Twi</language>
			<language type="ug" draft="unconfirmed">Uighoers</language>
			<language type="uk">Oekraïens</language>
			<language type="und">Onbekende of ongeldige taal</language>
			<language type="und" alt="proposed-x1001" draft="unconfirmed">(onbekende taal)</language>
			<language type="ur">Oerdoe</language>
			<language type="uz" draft="unconfirmed">Oesbekies</language>
			<language type="ve" references="R001">Venda</language>
			<language type="vi" references="R000">Viëtnamees</language>
			<language type="xh" references="R001">Xhosa</language>
			<language type="yi" references="R000" draft="unconfirmed">Jiddisj</language>
			<language type="yo">Yoruba</language>
			<language type="yue" draft="unconfirmed">Kantonees</language>
			<language type="zh">Sjinees</language>
			<language type="zh_Hans" draft="unconfirmed">vereenvoudigde Sjinees</language>
			<language type="zh_Hant" draft="unconfirmed">tradisionele Sjinees</language>
			<language type="zu" references="R001">Zoeloe</language>
		</languages>
		<scripts>
			<script type="Arab" draft="unconfirmed">Arabieses</script>
			<script type="Armn" draft="unconfirmed">Armeenses</script>
			<script type="Brai" draft="unconfirmed">Braille</script>
			<script type="Copt" draft="unconfirmed">Koptieses</script>
			<script type="Cyrl" draft="unconfirmed">Sirillieses</script>
			<script type="Cyrs" draft="unconfirmed">ou Kerkslawiese Sirillieses</script>
			<script type="Egyp" draft="unconfirmed">Egiptieses hiërogliewe</script>
			<script type="Ethi" draft="unconfirmed">Etiopieses</script>
			<script type="Goth" draft="unconfirmed">Gotieses</script>
			<script type="Grek" draft="unconfirmed">Griekses</script>
			<script type="Hans" draft="unconfirmed">vereenvoudigde Sjineses</script>
			<script type="Hant" draft="unconfirmed">tradisionele Sjineses</script>
			<script type="Hebr" draft="unconfirmed">Hebreeuses</script>
			<script type="Khmr" draft="unconfirmed">Khmer</script>
			<script type="Latn" draft="unconfirmed">Latynses</script>
			<script type="Mong" draft="unconfirmed">Mongoolses</script>
			<script type="Phnx" draft="unconfirmed">Fenisieses</script>
			<script type="Ugar" draft="unconfirmed">Ugaritieses</script>
			<script type="Visp" draft="unconfirmed">Visible Speech-karakters</script>
			<script type="Zxxx" draft="unconfirmed">(ongeskrewe)</script>
			<script type="Zyyy" draft="unconfirmed">(algemeen)</script>
			<script type="Zzzz" draft="unconfirmed">(onbekend skryfstelsel)</script>
		</scripts>
		<territories>
			<territory type="001" references="R002">Wêreld</territory>
			<territory type="001" alt="proposed-x1001" draft="unconfirmed">wêreld</territory>
			<territory type="002" references="R002">Afrika</territory>
			<territory type="003">Noord-Amerika</territory>
			<territory type="005" references="R002">Suid-Amerika</territory>
			<territory type="009" references="R002" draft="unconfirmed">Oseanië</territory>
			<territory type="011" references="R001">Wes-Afrika</territory>
			<territory type="013" references="R001">Sentraal-Amerika</territory>
			<territory type="014">Oos-Afrika</territory>
			<territory type="015">Noord-Afrika</territory>
			<territory type="017" references="R001">Midde-Afrika</territory>
			<territory type="018" references="R002">Suider-Afrika</territory>
			<territory type="019">Amerikas</territory>
			<territory type="021">Noordelike Amerika</territory>
			<territory type="029" references="R002" draft="unconfirmed">Karibies</territory>
			<territory type="030">Oos-Asië</territory>
			<territory type="034">Suid-Asië</territory>
			<territory type="035">Suidoos-Asië</territory>
			<territory type="039">Suid-Europa</territory>
			<territory type="053">Australië en Nieu-Seeland</territory>
			<territory type="054" references="R002" draft="unconfirmed">Melanesië</territory>
			<territory type="061" references="R002" draft="unconfirmed">Polinesië</territory>
			<territory type="142" references="R002">Asië</territory>
			<territory type="143" draft="provisional">Sentraal-Asië</territory>
			<territory type="145">Wes-Asië</territory>
			<territory type="150" references="R002">Europa</territory>
			<territory type="151">Oos-Europa</territory>
			<territory type="154">Noord-Europa</territory>
			<territory type="155">Wes-Europa</territory>
			<territory type="172">Gemenebes van Onafhanklike State</territory>
			<territory type="AC" draft="unconfirmed">Ascension</territory>
			<territory type="AD" references="R000">Andorra</territory>
			<territory type="AE">Verenigde Arabiese Emirate</territory>
			<territory type="AF">Afganistan</territory>
			<territory type="AG">Antigua en Barbuda</territory>
			<territory type="AI">Anguilla</territory>
			<territory type="AL">Albanië</territory>
			<territory type="AM">Armenië</territory>
			<territory type="AN" references="R000">Nederlands-Antille</territory>
			<territory type="AO">Angola</territory>
			<territory type="AQ" references="R002">Antarktika</territory>
			<territory type="AR">Argentinië</territory>
			<territory type="AS">Amerikaans Samoa</territory>
			<territory type="AT">Oostenryk</territory>
			<territory type="AU">Australië</territory>
			<territory type="AW">Aruba</territory>
			<territory type="AX" draft="unconfirmed">Åland</territory>
			<territory type="AZ">Aserbeidjan</territory>
			<territory type="BA">Bosnië en Herzegowina</territory>
			<territory type="BB">Barbados</territory>
			<territory type="BD">Bangladesj</territory>
			<territory type="BE">België</territory>
			<territory type="BF">Boerkina Fasso</territory>
			<territory type="BG">Bulgarye</territory>
			<territory type="BH">Bahrein</territory>
			<territory type="BI">Burundi</territory>
			<territory type="BJ" references="R000">Benin</territory>
			<territory type="BL" draft="unconfirmed">Sint Barthélemy</territory>
			<territory type="BM">Bermuda</territory>
			<territory type="BN">Broenei</territory>
			<territory type="BO">Bolivië</territory>
			<territory type="BR">Brasilië</territory>
			<territory type="BS">Bahamas</territory>
			<territory type="BT">Bhoetan</territory>
			<territory type="BW">Botswana</territory>
			<territory type="BY">Wit-Rusland</territory>
			<territory type="BZ">Belize</territory>
			<territory type="CA">Kanada</territory>
			<territory type="CD">Demokratiese Republiek van die Kongo</territory>
			<territory type="CD" alt="proposed-x1001" draft="unconfirmed">Kongo-Kinshasa</territory>
			<territory type="CD" alt="variant" draft="unconfirmed">Kongo-Kinshasa</territory>
			<territory type="CF">Sentraal-Afrikaanse Republiek</territory>
			<territory type="CG">Kongo</territory>
			<territory type="CG" alt="proposed-x1001" draft="unconfirmed">Kongo-Brazzaville</territory>
			<territory type="CG" alt="variant" draft="unconfirmed">Kongo-Brazzaville</territory>
			<territory type="CH">Switserland</territory>
			<territory type="CI">Ivoorkus</territory>
			<territory type="CI" alt="variant" draft="unconfirmed">Ivoorkus</territory>
			<territory type="CK">Cookeilande</territory>
			<territory type="CL">Chili</territory>
			<territory type="CM">Kameroen</territory>
			<territory type="CN">Sjina</territory>
			<territory type="CO">Kolombië</territory>
			<territory type="CP" draft="unconfirmed">Clipperton</territory>
			<territory type="CR">Costa Rica</territory>
			<territory type="CS" references="R000">Serwië en Montenegro</territory>
			<territory type="CU">Kuba</territory>
			<territory type="CV">Kaap Verde</territory>
			<territory type="CY">Ciprus</territory>
			<territory type="CZ">Tjeggiese Republiek</territory>
			<territory type="DE">Duitsland</territory>
			<territory type="DG" draft="unconfirmed">Diego Garcia</territory>
			<territory type="DJ">Djiboeti</territory>
			<territory type="DK">Denemarke</territory>
			<territory type="DM">Dominika</territory>
			<territory type="DO">Dominikaanse Republiek</territory>
			<territory type="DZ">Algerië</territory>
			<territory type="EA" draft="unconfirmed">Ceuta en Melilla</territory>
			<territory type="EC">Ecuador</territory>
			<territory type="EE">Estland</territory>
			<territory type="EG">Egipte</territory>
			<territory type="EH">Wes-Sahara</territory>
			<territory type="ER">Eritrea</territory>
			<territory type="ES">Spanje</territory>
			<territory type="ET">Ethiopië</territory>
			<territory type="EU" draft="unconfirmed">Europese Unie</territory>
			<territory type="FI">Finland</territory>
			<territory type="FJ">Fidji</territory>
			<territory type="FK" references="R000">Falklandeilande</territory>
			<territory type="FK" alt="variant" draft="unconfirmed">Falklandeilande</territory>
			<territory type="FM">Mikronesië</territory>
			<territory type="FO" references="R000">Faroëreilande</territory>
			<territory type="FR">Frankryk</territory>
			<territory type="GA">Gaboen</territory>
			<territory type="GB">Groot-Brittanje</territory>
			<territory type="GD">Grenada</territory>
			<territory type="GE">Georgië</territory>
			<territory type="GF" references="R000">Frans-Guyana</territory>
			<territory type="GH">Ghana</territory>
			<territory type="GI">Gibraltar</territory>
			<territory type="GL" references="R000">Groenland</territory>
			<territory type="GM">Gambië</territory>
			<territory type="GN">Guinee</territory>
			<territory type="GP">Guadeloupe</territory>
			<territory type="GQ">Ekwatoriaal-Guinee</territory>
			<territory type="GR">Griekeland</territory>
			<territory type="GT">Guatemala</territory>
			<territory type="GU">Guam</territory>
			<territory type="GW">Guinee-Bissau</territory>
			<territory type="GY">Guyana</territory>
			<territory type="HK" references="R000">Hongkong</territory>
			<territory type="HK" alt="short">Hongkong</territory>
			<territory type="HN">Honduras</territory>
			<territory type="HR">Kroasië</territory>
			<territory type="HT">Haïti</territory>
			<territory type="HU">Hongarye</territory>
			<territory type="IC" draft="unconfirmed">Kanariese Eilande</territory>
			<territory type="ID">Indonesië</territory>
			<territory type="IE">Ierland</territory>
			<territory type="IL">Israel</territory>
			<territory type="IN">Indië</territory>
			<territory type="IO">Britse Indiese Oseaan Gebied</territory>
			<territory type="IQ">Irak</territory>
			<territory type="IR" references="R000">Iran</territory>
			<territory type="IS">Ysland</territory>
			<territory type="IT">Italië</territory>
			<territory type="JE" draft="unconfirmed">Jersey</territory>
			<territory type="JM">Jamaika</territory>
			<territory type="JO">Jordanië</territory>
			<territory type="JP">Japan</territory>
			<territory type="KE">Kenia</territory>
			<territory type="KG">Kirgisië</territory>
			<territory type="KH">Kambodja</territory>
			<territory type="KI">Kiribati</territory>
			<territory type="KM">Comore</territory>
			<territory type="KN">Saint Kitts en Nevis</territory>
			<territory type="KP">Noord-Korea</territory>
			<territory type="KR">Suid-Korea</territory>
			<territory type="KW">Koeweit</territory>
			<territory type="KY" references="R000">Kaaimanseilande</territory>
			<territory type="KZ">Kasakstan</territory>
			<territory type="LA" references="R000">Laos</territory>
			<territory type="LB">Libanon</territory>
			<territory type="LC">Sint Lucia</territory>
			<territory type="LI" references="R000">Liechtenstein</territory>
			<territory type="LK" references="R000">Sri Lanka</territory>
			<territory type="LR">Liberië</territory>
			<territory type="LS" references="R000">Lesotho</territory>
			<territory type="LT">Litaue</territory>
			<territory type="LU">Luxemburg</territory>
			<territory type="LV">Letland</territory>
			<territory type="LY">Libië</territory>
			<territory type="MA">Marokko</territory>
			<territory type="MC" references="R000">Monaco</territory>
			<territory type="MD">Moldova</territory>
			<territory type="MG">Madagaskar</territory>
			<territory type="MH">Marshall-eilande</territory>
			<territory type="MK">Macedonië</territory>
			<territory type="MK" alt="variant" draft="unconfirmed">Macedonië</territory>
			<territory type="ML" references="R000">Mali</territory>
			<territory type="MM">Mianmar</territory>
			<territory type="MM" alt="proposed-x1001" draft="unconfirmed">Birma</territory>
			<territory type="MN">Mongolië</territory>
			<territory type="MO" references="R000" draft="unconfirmed">Macao</territory>
			<territory type="MO" alt="short" draft="unconfirmed">Macao</territory>
			<territory type="MP">Noordelike Marianaeilande</territory>
			<territory type="MP" alt="proposed-x1001" draft="unconfirmed">Noordelike-Marianaeilande</territory>
			<territory type="MQ">Martinique</territory>
			<territory type="MR">Mouritanië</territory>
			<territory type="MS">Montserrat</territory>
			<territory type="MT" references="R000">Malta</territory>
			<territory type="MU" references="R000">Mauritius</territory>
			<territory type="MV">Maledive</territory>
			<territory type="MV" alt="proposed-x1001" draft="unconfirmed">Maldive</territory>
			<territory type="MW">Malawi</territory>
			<territory type="MX">Meksiko</territory>
			<territory type="MY">Maleisië</territory>
			<territory type="MZ">Mosambiek</territory>
			<territory type="NA">Namibië</territory>
			<territory type="NC" references="R000">Nieu-Kaledonië</territory>
			<territory type="NE" references="R000">Niger</territory>
			<territory type="NF">Norfolk-eiland</territory>
			<territory type="NG" references="R000">Nigerië</territory>
			<territory type="NI" references="R000">Nicaragua</territory>
			<territory type="NL">Nederland</territory>
			<territory type="NO">Noorweë</territory>
			<territory type="NP">Nepal</territory>
			<territory type="NR">Naoeroe</territory>
			<territory type="NU">Niue</territory>
			<territory type="NZ">Nieu-Seeland</territory>
			<territory type="OM" references="R000">Oman</territory>
			<territory type="PA" references="R000">Panama</territory>
			<territory type="PE" references="R000">Peru</territory>
			<territory type="PF">Frans-Polinesië</territory>
			<territory type="PG">Papoea Nieu-Guinee</territory>
			<territory type="PH">Filippyne</territory>
			<territory type="PK" references="R000">Pakistan</territory>
			<territory type="PL">Pole</territory>
			<territory type="PM">Sint-Pierre en Miquelon</territory>
			<territory type="PM" alt="proposed-x1001" draft="unconfirmed">Sint Pierre en Miquelon</territory>
			<territory type="PN">Pitcairn</territory>
			<territory type="PR" references="R000">Puerto Rico</territory>
			<territory type="PS">Palestina</territory>
			<territory type="PS" alt="proposed-x1001" draft="unconfirmed">Palestynse Grondgebiede</territory>
			<territory type="PT" references="R000">Portugal</territory>
			<territory type="PW">Palau</territory>
			<territory type="PY" references="R000">Paraguay</territory>
			<territory type="QA">Katar</territory>
			<territory type="RE" references="R000">Réunion</territory>
			<territory type="RO">Roemenië</territory>
			<territory type="RU">Rusland</territory>
			<territory type="RW" references="R000">Rwanda</territory>
			<territory type="SA">Saoedi-Arabië</territory>
			<territory type="SB">Solomon Eilande</territory>
			<territory type="SC">Seychelle</territory>
			<territory type="SD">Soedan</territory>
			<territory type="SE">Swede</territory>
			<territory type="SG">Singapoer</territory>
			<territory type="SH">Sint Helena</territory>
			<territory type="SI">Slowenië</territory>
			<territory type="SK">Slowakye</territory>
			<territory type="SL" references="R000">Sierra Leone</territory>
			<territory type="SM" references="R000">San Marino</territory>
			<territory type="SN" references="R000">Senegal</territory>
			<territory type="SO">Somalië</territory>
			<territory type="SR" references="R000">Suriname</territory>
			<territory type="ST">Sao Tome en Principe</territory>
			<territory type="SV">Salvador</territory>
			<territory type="SY">Sirië</territory>
			<territory type="SZ" references="R000">Swaziland</territory>
			<territory type="TA" draft="unconfirmed">Tristan da Cunha</territory>
			<territory type="TC">Turks en Caicos Eilande</territory>
			<territory type="TD">Tsjaad</territory>
			<territory type="TG">Togo</territory>
			<territory type="TH">Thailand</territory>
			<territory type="TJ">Tadjikistan</territory>
			<territory type="TK">Tokelau</territory>
			<territory type="TL">Oos-Timor</territory>
			<territory type="TL" alt="variant" draft="unconfirmed">Oos-Timor</territory>
			<territory type="TM">Turkmenië</territory>
			<territory type="TN">Tunisië</territory>
			<territory type="TO">Tonga</territory>
			<territory type="TR">Turkye</territory>
			<territory type="TT">Trinidad en Tobago</territory>
			<territory type="TV">Tuvalu</territory>
			<territory type="TW">Taiwan</territory>
			<territory type="TZ">Tanzanië</territory>
			<territory type="UA">Oekraine</territory>
			<territory type="UG" references="R000">Uganda</territory>
			<territory type="US">Verenigde State van Amerika</territory>
			<territory type="UY">Uruguay</territory>
			<territory type="UZ">Oesbekistan</territory>
			<territory type="VA">Vatikaan</territory>
			<territory type="VC">Saint Vincent en die Grenadine</territory>
			<territory type="VE" references="R000">Venezuela</territory>
			<territory type="VG">Britse Maagde-eilande</territory>
			<territory type="VI">V.S. Maagde-eilande</territory>
			<territory type="VN">Viëtnam</territory>
			<territory type="VU">Vanuatu</territory>
			<territory type="WF">Wallis en Futuna</territory>
			<territory type="WS">Samoa</territory>
			<territory type="YE">Jemen</territory>
			<territory type="YT">Mayotte</territory>
			<territory type="ZA">Suid-Afrika</territory>
			<territory type="ZM">Zambië</territory>
			<territory type="ZW">Zimbabwe</territory>
			<territory type="ZZ">onbekend gebied</territory>
			<territory type="ZZ" alt="proposed-x1001" draft="unconfirmed">(onbekend gebied)</territory>
			<territory type="ZZ" alt="proposed-x1002" draft="unconfirmed">Onbekende of ongeldige gebied</territory>
		</territories>
		<variants>
			<variant type="1901" draft="unconfirmed">Duitse ortografie van 1901</variant>
			<variant type="1996" draft="unconfirmed">Duitse ortografie van 1996</variant>
			<variant type="PINYIN" draft="unconfirmed">pinyin</variant>
			<variant type="REVISED" draft="unconfirmed">hersiene ortografie</variant>
			<variant type="WADEGILE" draft="unconfirmed">Wade-Giles</variant>
		</variants>
		<keys>
			<key type="calendar" draft="unconfirmed">kalender</key>
			<key type="collation" draft="unconfirmed">alfabetiese volgorde</key>
			<key type="currency" draft="unconfirmed">valuta</key>
		</keys>
		<types>
			<type type="big5han" key="collation" draft="unconfirmed">tradisionele Sjinees in Groot5 volgorde</type>
			<type type="chinese" key="calendar" draft="unconfirmed">Sjinese kalender</type>
			<type type="gb2312han" key="collation" draft="unconfirmed">vereenvoudigde Sjinees in GB2312 volgorde</type>
			<type type="gregorian" key="calendar" references="R001" draft="unconfirmed">Gregoriaanse kalender</type>
			<type type="hebrew" key="calendar" draft="unconfirmed">Hebreeuse kalender</type>
			<type type="islamic" key="calendar" draft="unconfirmed">Islamitiese kalender</type>
			<type type="japanese" key="calendar" draft="unconfirmed">Japannese kalender</type>
			<type type="phonebook" key="collation" draft="unconfirmed">telefoongidsvolgorde</type>
			<type type="traditional" key="collation" draft="unconfirmed">tradisioneel volgorde</type>
		</types>
		<measurementSystemNames>
			<measurementSystemName type="metric">Metriek</measurementSystemName>
			<measurementSystemName type="US">VSA</measurementSystemName>
		</measurementSystemNames>
		<codePatterns>
			<codePattern type="language">Taal: {0}</codePattern>
			<codePattern type="language" alt="proposed-x1001" draft="unconfirmed">taal: {0}</codePattern>
			<codePattern type="script" draft="contributed">Skrif: {0}</codePattern>
			<codePattern type="script" alt="proposed-x1001" draft="unconfirmed">skryfstelsel: {0}</codePattern>
			<codePattern type="territory" draft="contributed">Omgewing: {0}</codePattern>
			<codePattern type="territory" alt="proposed-x1001" draft="unconfirmed">streek: {0}</codePattern>
		</codePatterns>
	</localeDisplayNames>
	<characters>
		<exemplarCharacters>[a á â b c d e é è ê ë f g h i î ï j k l m n o ô ö p q r s t u û v w x y z]</exemplarCharacters>
		<exemplarCharacters type="auxiliary" draft="unconfirmed">[à å æ ç ñ ø œ]</exemplarCharacters>
		<exemplarCharacters type="currencySymbol">[a b c d e f g h i j k l m n o p q r s t u v w x y z]</exemplarCharacters>
		<exemplarCharacters type="index" draft="contributed">[A B C D E F G H I J K L M N O P Q R S T U V W X Y Z]</exemplarCharacters>
	</characters>
	<delimiters>
		<quotationStart>‘</quotationStart>
		<quotationStart alt="proposed-x1001" draft="unconfirmed">„</quotationStart>
		<quotationEnd>’</quotationEnd>
		<quotationEnd alt="proposed-x1001" draft="unconfirmed">”</quotationEnd>
		<alternateQuotationStart>“</alternateQuotationStart>
		<alternateQuotationStart alt="proposed-x1001" draft="unconfirmed">‚</alternateQuotationStart>
		<alternateQuotationEnd>”</alternateQuotationEnd>
		<alternateQuotationEnd alt="proposed-x1001" draft="unconfirmed">’</alternateQuotationEnd>
	</delimiters>
	<dates>
		<calendars>
			<calendar type="gregorian">
				<months>
					<monthContext type="format">
						<monthWidth type="abbreviated">
							<month type="1">Jan</month>
							<month type="2">Feb</month>
							<month type="3">Mar</month>
							<month type="4">Apr</month>
							<month type="5">Mei</month>
							<month type="6">Jun</month>
							<month type="7">Jul</month>
							<month type="8">Aug</month>
							<month type="9">Sep</month>
							<month type="10">Okt</month>
							<month type="11">Nov</month>
							<month type="12">Des</month>
						</monthWidth>
						<monthWidth type="wide">
							<month type="1">Januarie</month>
							<month type="2">Februarie</month>
							<month type="3">Maart</month>
							<month type="4">April</month>
							<month type="5">Mei</month>
							<month type="6">Junie</month>
							<month type="7">Julie</month>
							<month type="8">Augustus</month>
							<month type="9">September</month>
							<month type="10">Oktober</month>
							<month type="11">November</month>
							<month type="12">Desember</month>
						</monthWidth>
					</monthContext>
					<monthContext type="stand-alone">
						<monthWidth type="narrow">
							<month type="1">J</month>
							<month type="1" alt="proposed-x1001" draft="unconfirmed">1</month>
							<month type="2">F</month>
							<month type="2" alt="proposed-x1001" draft="unconfirmed">2</month>
							<month type="3">M</month>
							<month type="3" alt="proposed-x1001" draft="unconfirmed">3</month>
							<month type="4">A</month>
							<month type="4" alt="proposed-x1001" draft="unconfirmed">4</month>
							<month type="5">M</month>
							<month type="5" alt="proposed-x1001" draft="unconfirmed">5</month>
							<month type="6">J</month>
							<month type="6" alt="proposed-x1001" draft="unconfirmed">6</month>
							<month type="7">J</month>
							<month type="7" alt="proposed-x1001" draft="unconfirmed">7</month>
							<month type="8">A</month>
							<month type="8" alt="proposed-x1001" draft="unconfirmed">8</month>
							<month type="9">S</month>
							<month type="9" alt="proposed-x1001" draft="unconfirmed">9</month>
							<month type="10">O</month>
							<month type="10" alt="proposed-x1001" draft="unconfirmed">10</month>
							<month type="11">N</month>
							<month type="11" alt="proposed-x1001" draft="unconfirmed">11</month>
							<month type="12">D</month>
							<month type="12" alt="proposed-x1001" draft="unconfirmed">12</month>
						</monthWidth>
					</monthContext>
				</months>
				<days>
					<dayContext type="format">
						<dayWidth type="abbreviated">
							<day type="sun">So</day>
							<day type="mon">Ma</day>
							<day type="tue">Di</day>
							<day type="wed">Wo</day>
							<day type="thu">Do</day>
							<day type="fri">Vr</day>
							<day type="sat">Sa</day>
						</dayWidth>
						<dayWidth type="wide">
							<day type="sun">Sondag</day>
							<day type="mon">Maandag</day>
							<day type="tue">Dinsdag</day>
							<day type="wed">Woensdag</day>
							<day type="thu">Donderdag</day>
							<day type="fri">Vrydag</day>
							<day type="sat">Saterdag</day>
						</dayWidth>
					</dayContext>
					<dayContext type="stand-alone">
						<dayWidth type="narrow">
							<day type="sun">S</day>
							<day type="sun" alt="proposed-x1001" draft="unconfirmed">1</day>
							<day type="mon">M</day>
							<day type="mon" alt="proposed-x1001" draft="unconfirmed">2</day>
							<day type="tue">D</day>
							<day type="tue" alt="proposed-x1001" draft="unconfirmed">3</day>
							<day type="wed">W</day>
							<day type="wed" alt="proposed-x1001" draft="unconfirmed">4</day>
							<day type="thu">D</day>
							<day type="thu" alt="proposed-x1001" draft="unconfirmed">5</day>
							<day type="fri">V</day>
							<day type="fri" alt="proposed-x1001" draft="unconfirmed">6</day>
							<day type="sat">S</day>
							<day type="sat" alt="proposed-x1001" draft="unconfirmed">7</day>
						</dayWidth>
					</dayContext>
				</days>
				<quarters>
					<quarterContext type="format">
						<quarterWidth type="abbreviated">
							<quarter type="1">K1</quarter>
							<quarter type="2">K2</quarter>
							<quarter type="3">K3</quarter>
							<quarter type="4">K4</quarter>
						</quarterWidth>
						<quarterWidth type="wide">
							<quarter type="1">1ste kwartaal</quarter>
							<quarter type="2">2de kwartaal</quarter>
							<quarter type="3">3de kwartaal</quarter>
							<quarter type="4">4de kwartaal</quarter>
						</quarterWidth>
					</quarterContext>
				</quarters>
				<dayPeriods>
					<dayPeriodContext type="format">
						<dayPeriodWidth type="wide">
							<dayPeriod type="am">vm.</dayPeriod>
							<dayPeriod type="am" alt="proposed-x1001" draft="unconfirmed">voormiddag</dayPeriod>
							<dayPeriod type="pm">nm.</dayPeriod>
							<dayPeriod type="pm" alt="proposed-x1001" draft="unconfirmed">namiddag</dayPeriod>
						</dayPeriodWidth>
					</dayPeriodContext>
				</dayPeriods>
				<eras>
					<eraNames>
						<era type="0" references="R000">voor Christus</era>
						<era type="1" references="R000">na Christus</era>
					</eraNames>
					<eraAbbr>
						<era type="0">v.C.</era>
						<era type="1">n.C.</era>
					</eraAbbr>
				</eras>
				<dateFormats>
					<dateFormatLength type="full">
						<dateFormat>
							<pattern references="R000">EEEE dd MMMM y</pattern>
							<pattern alt="proposed-x1001" draft="unconfirmed">EEEE, d MMMM y</pattern>
						</dateFormat>
					</dateFormatLength>
					<dateFormatLength type="long">
						<dateFormat>
							<pattern references="R000">dd MMMM y</pattern>
							<pattern alt="proposed-x1001" draft="unconfirmed">d MMMM y</pattern>
						</dateFormat>
					</dateFormatLength>
					<dateFormatLength type="medium">
						<dateFormat>
							<pattern references="R000">dd MMM y</pattern>
							<pattern alt="proposed-x1001" draft="unconfirmed">d MMM y</pattern>
						</dateFormat>
					</dateFormatLength>
					<dateFormatLength type="short">
						<dateFormat>
							<pattern>yyyy-MM-dd</pattern>
							<pattern alt="proposed-x1001" draft="unconfirmed">dd/MM/yyyy</pattern>
						</dateFormat>
					</dateFormatLength>
				</dateFormats>
				<timeFormats>
					<timeFormatLength type="full">
						<timeFormat>
							<pattern>h:mm:ss a zzzz</pattern>
						</timeFormat>
					</timeFormatLength>
					<timeFormatLength type="long">
						<timeFormat>
							<pattern>h:mm:ss a z</pattern>
						</timeFormat>
					</timeFormatLength>
					<timeFormatLength type="medium">
						<timeFormat>
							<pattern>h:mm:ss a</pattern>
						</timeFormat>
					</timeFormatLength>
					<timeFormatLength type="short">
						<timeFormat>
							<pattern>h:mm a</pattern>
						</timeFormat>
					</timeFormatLength>
				</timeFormats>
				<dateTimeFormats>
					<availableFormats>
						<dateFormatItem id="d">d</dateFormatItem>
						<dateFormatItem id="hm">h:mm a</dateFormatItem>
						<dateFormatItem id="Hm">HH:mm</dateFormatItem>
						<dateFormatItem id="Hms">HH:mm:ss</dateFormatItem>
						<dateFormatItem id="M">L</dateFormatItem>
						<dateFormatItem id="Md">M/d</dateFormatItem>
						<dateFormatItem id="MEd">E, M/d</dateFormatItem>
						<dateFormatItem id="MMM">LLL</dateFormatItem>
						<dateFormatItem id="MMMd">MMM d</dateFormatItem>
						<dateFormatItem id="MMMEd">E, MMM d</dateFormatItem>
						<dateFormatItem id="MMMMd">MMMM d</dateFormatItem>
						<dateFormatItem id="MMMMdd" draft="unconfirmed">dd MMMM</dateFormatItem>
						<dateFormatItem id="MMMMEd">E, MMMM d</dateFormatItem>
						<dateFormatItem id="ms">mm:ss</dateFormatItem>
						<dateFormatItem id="y">y</dateFormatItem>
						<dateFormatItem id="yM">M/y</dateFormatItem>
						<dateFormatItem id="yMEd" references="R000">EEE, y-M-d</dateFormatItem>
						<dateFormatItem id="yMEd" alt="proposed-x1001" draft="unconfirmed">EEE, M/d/y</dateFormatItem>
						<dateFormatItem id="yMMM">MMM y</dateFormatItem>
						<dateFormatItem id="yMMMEd">EEE, MMM d, y</dateFormatItem>
						<dateFormatItem id="yMMMM">MMMM y</dateFormatItem>
						<dateFormatItem id="yQ">Q y</dateFormatItem>
						<dateFormatItem id="yQQQ">QQQ y</dateFormatItem>
					</availableFormats>
					<intervalFormats>
						<intervalFormatFallback draft="unconfirmed">{0} – {1}</intervalFormatFallback>
						<intervalFormatItem id="d">
							<greatestDifference id="d" draft="unconfirmed">d–d</greatestDifference>
						</intervalFormatItem>
						<intervalFormatItem id="h">
							<greatestDifference id="h" draft="unconfirmed">h–h a</greatestDifference>
						</intervalFormatItem>
						<intervalFormatItem id="hm">
							<greatestDifference id="h" draft="unconfirmed">h:mm–h:mm a</greatestDifference>
							<greatestDifference id="m" draft="unconfirmed">h:mm–h:mm a</greatestDifference>
						</intervalFormatItem>
						<intervalFormatItem id="hmv">
							<greatestDifference id="h" draft="unconfirmed">h:mm–h:mm a v</greatestDifference>
							<greatestDifference id="m" draft="unconfirmed">h:mm–h:mm a v</greatestDifference>
						</intervalFormatItem>
						<intervalFormatItem id="hv">
							<greatestDifference id="h" draft="unconfirmed">h–h a v</greatestDifference>
						</intervalFormatItem>
						<intervalFormatItem id="M">
							<greatestDifference id="M" draft="unconfirmed">M–M</greatestDifference>
						</intervalFormatItem>
						<intervalFormatItem id="Md">
							<greatestDifference id="d" draft="unconfirmed">MM-dd – dd</greatestDifference>
							<greatestDifference id="M" draft="unconfirmed">MM-dd – MM-dd</greatestDifference>
						</intervalFormatItem>
						<intervalFormatItem id="MEd">
							<greatestDifference id="d" draft="unconfirmed">E, MM-dd – E, MM-dd</greatestDifference>
							<greatestDifference id="M" draft="unconfirmed">E, MM-dd – E, MM-dd</greatestDifference>
						</intervalFormatItem>
						<intervalFormatItem id="MMM">
							<greatestDifference id="M" draft="unconfirmed">LLL–LLL</greatestDifference>
						</intervalFormatItem>
						<intervalFormatItem id="MMMd">
							<greatestDifference id="d" draft="unconfirmed">MM-d – d</greatestDifference>
							<greatestDifference id="M" draft="unconfirmed">MM-d – MM-d</greatestDifference>
						</intervalFormatItem>
						<intervalFormatItem id="MMMEd">
							<greatestDifference id="d" draft="unconfirmed">E, MM-d – E, MM-d</greatestDifference>
							<greatestDifference id="M" draft="unconfirmed">E, MM-d – E, MM-d</greatestDifference>
						</intervalFormatItem>
						<intervalFormatItem id="y">
							<greatestDifference id="y" draft="unconfirmed">y–y</greatestDifference>
						</intervalFormatItem>
						<intervalFormatItem id="yM">
							<greatestDifference id="M" draft="unconfirmed">yyyy-MM – MM</greatestDifference>
							<greatestDifference id="y" draft="unconfirmed">yyyy-MM – yyyy-MM</greatestDifference>
						</intervalFormatItem>
						<intervalFormatItem id="yMd">
							<greatestDifference id="d" draft="unconfirmed">yyyy-MM-dd – dd</greatestDifference>
							<greatestDifference id="M" draft="unconfirmed">yyyy-MM-dd – MM-dd</greatestDifference>
							<greatestDifference id="y" draft="unconfirmed">yyyy-MM-dd – yyyy-MM-dd</greatestDifference>
						</intervalFormatItem>
						<intervalFormatItem id="yMEd">
							<greatestDifference id="d" draft="unconfirmed">E, yyyy-MM-dd – E, yyyy-MM-dd</greatestDifference>
							<greatestDifference id="M" draft="unconfirmed">E, yyyy-MM-dd – E, yyyy-MM-dd</greatestDifference>
							<greatestDifference id="y" draft="unconfirmed">E, yyyy-MM-dd – E, yyyy-MM-dd</greatestDifference>
						</intervalFormatItem>
						<intervalFormatItem id="yMMM">
							<greatestDifference id="M" draft="unconfirmed">yyyy-MM – MM</greatestDifference>
							<greatestDifference id="y" draft="unconfirmed">yyyy-MM – yyyy-MM</greatestDifference>
						</intervalFormatItem>
						<intervalFormatItem id="yMMMd">
							<greatestDifference id="d" draft="unconfirmed">yyyy-MM-d – d</greatestDifference>
							<greatestDifference id="M" draft="unconfirmed">yyyy-MM-dd – MM-d</greatestDifference>
							<greatestDifference id="y" draft="unconfirmed">yyyy-MM-dd – yyyy-MM-dd</greatestDifference>
						</intervalFormatItem>
						<intervalFormatItem id="yMMMEd">
							<greatestDifference id="d" draft="unconfirmed">E, yyyy-MM-dd – E, yyyy-MM-dd</greatestDifference>
							<greatestDifference id="M" draft="unconfirmed">E, yyyy-MM-dd – E, yyyy-MM-dd</greatestDifference>
							<greatestDifference id="y" draft="unconfirmed">E, yyyy-MM-dd – E, yyyy-MM-dd</greatestDifference>
						</intervalFormatItem>
					</intervalFormats>
				</dateTimeFormats>
				<fields>
					<field type="era">
						<displayName draft="unconfirmed">tydperk</displayName>
					</field>
					<field type="year">
						<displayName>Jaar</displayName>
						<displayName alt="proposed-x1001" draft="unconfirmed">jaar</displayName>
					</field>
					<field type="month">
						<displayName>Maand</displayName>
						<displayName alt="proposed-x1001" draft="unconfirmed">maand</displayName>
					</field>
					<field type="week">
						<displayName references="R001">Week</displayName>
						<displayName alt="proposed-x1001" draft="unconfirmed">week</displayName>
					</field>
					<field type="day">
						<displayName references="R001">Dag</displayName>
						<displayName alt="proposed-x1001" draft="unconfirmed">dag</displayName>
						<relative type="-3" draft="unconfirmed">eereergister</relative>
						<relative type="-2" draft="unconfirmed">eergister</relative>
						<relative type="-1">Gister</relative>
						<relative type="-1" alt="proposed-x1001" draft="unconfirmed">gister</relative>
						<relative type="0">Vandag</relative>
						<relative type="0" alt="proposed-x1001" draft="unconfirmed">vandag</relative>
						<relative type="1">Môre</relative>
						<relative type="1" alt="proposed-x1001" draft="unconfirmed">môre</relative>
						<relative type="2" draft="unconfirmed">overmôre</relative>
						<relative type="3" draft="unconfirmed">overovermôre</relative>
					</field>
					<field type="weekday">
						<displayName>Weeksdag</displayName>
						<displayName alt="proposed-x1001" draft="unconfirmed">dag van die week</displayName>
					</field>
					<field type="dayperiod">
						<displayName>AM/PM</displayName>
						<displayName alt="proposed-x1001" draft="unconfirmed">etmaalperiode</displayName>
					</field>
					<field type="hour">
						<displayName>Uur</displayName>
						<displayName alt="proposed-x1001" draft="unconfirmed">uur</displayName>
					</field>
					<field type="minute">
						<displayName>Minuut</displayName>
						<displayName alt="proposed-x1001" draft="unconfirmed">minuut</displayName>
					</field>
					<field type="second">
						<displayName>Sekonde</displayName>
						<displayName alt="proposed-x1001" draft="unconfirmed">sekonde</displayName>
					</field>
					<field type="zone">
						<displayName>Tydsone</displayName>
						<displayName alt="proposed-x1001" draft="unconfirmed">tydsone</displayName>
					</field>
				</fields>
			</calendar>
		</calendars>
		<timeZoneNames>
			<regionFormat draft="unconfirmed">{0}-tyd</regionFormat>
			<fallbackFormat draft="unconfirmed">{0} ({1})</fallbackFormat>
			<zone type="Antarctica/South_Pole">
				<exemplarCity references="R001" draft="provisional">Suidpool</exemplarCity>
			</zone>
			<zone type="Asia/Bahrain">
				<exemplarCity draft="unconfirmed">Bagrein</exemplarCity>
			</zone>
			<zone type="Asia/Shanghai">
				<exemplarCity references="R001" draft="provisional">Sjanghai</exemplarCity>
			</zone>
			<zone type="America/Mexico_City">
				<exemplarCity draft="provisional">Mexikostad</exemplarCity>
			</zone>
			<zone type="Europe/Lisbon">
				<exemplarCity references="R000" draft="provisional">Lissabon</exemplarCity>
			</zone>
			<zone type="Europe/Moscow">
				<exemplarCity references="R000" draft="provisional">Moskou</exemplarCity>
			</zone>
		</timeZoneNames>
	</dates>
	<numbers>
		<symbols>
			<decimal>,</decimal>
			<group> </group>
			<list draft="unconfirmed">;</list>
			<percentSign>%</percentSign>
			<nativeZeroDigit>0</nativeZeroDigit>
			<patternDigit>#</patternDigit>
			<plusSign>+</plusSign>
			<minusSign>-</minusSign>
			<minusSign alt="proposed-x1001" draft="unconfirmed">−</minusSign>
			<exponential>E</exponential>
			<exponential alt="proposed-x1001" draft="unconfirmed">×10^</exponential>
			<perMille draft="unconfirmed">‰</perMille>
			<infinity>∞</infinity>
			<nan draft="unconfirmed">¤¤¤</nan>
		</symbols>
		<decimalFormats>
			<decimalFormatLength>
				<decimalFormat>
					<pattern>#,##0.###</pattern>
				</decimalFormat>
			</decimalFormatLength>
		</decimalFormats>
		<scientificFormats>
			<scientificFormatLength>
				<scientificFormat>
					<pattern>#E0</pattern>
				</scientificFormat>
			</scientificFormatLength>
		</scientificFormats>
		<percentFormats>
			<percentFormatLength>
				<percentFormat>
					<pattern>#,##0%</pattern>
					<pattern alt="proposed-x1001" draft="unconfirmed">#,##0 %</pattern>
				</percentFormat>
			</percentFormatLength>
		</percentFormats>
		<currencyFormats>
			<currencyFormatLength>
				<currencyFormat>
					<pattern>¤#,##0.00</pattern>
					<pattern alt="proposed-x1001" draft="unconfirmed">#,##0.00 ¤</pattern>
				</currencyFormat>
			</currencyFormatLength>
		</currencyFormats>
		<currencies>
			<currency type="AED">
				<displayName>Verenigde Arabiese Emirate dirham</displayName>
			</currency>
			<currency type="AOA">
				<displayName>Angolese kwanza</displayName>
			</currency>
			<currency type="AUD">
				<displayName>Australiese dollar</displayName>
			</currency>
			<currency type="BHD">
				<displayName>Bahrainse dinar</displayName>
			</currency>
			<currency type="BIF">
				<displayName>Burundiese frank</displayName>
			</currency>
			<currency type="BRL">
				<displayName references="R001">Reaal</displayName>
				<displayName alt="proposed-x1001" draft="unconfirmed">Brasiliaanse real</displayName>
			</currency>
			<currency type="BWP">
				<displayName>Botswana pula</displayName>
			</currency>
			<currency type="CAD">
				<displayName>Kanadese dollar</displayName>
			</currency>
			<currency type="CDF">
				<displayName>Kongolese frank</displayName>
			</currency>
			<currency type="CHF">
				<displayName>Switserse frank</displayName>
			</currency>
			<currency type="CNY">
				<displayName>Sjinese joean renminbi</displayName>
			</currency>
			<currency type="CVE">
				<displayName>Kaap Verdiese escudo</displayName>
			</currency>
			<currency type="DJF">
				<displayName>Djiboeti frank</displayName>
			</currency>
			<currency type="DZD">
				<displayName>Algeriese dinar</displayName>
			</currency>
			<currency type="EGP">
				<displayName>Egiptiese pond</displayName>
			</currency>
			<currency type="ERN">
				<displayName>Eritrese nakfa</displayName>
			</currency>
			<currency type="ETB">
				<displayName>Etiopiese birr</displayName>
			</currency>
			<currency type="EUR">
				<displayName>Euro</displayName>
				<displayName count="one" draft="unconfirmed">euro</displayName>
				<displayName count="other" draft="unconfirmed">euro</displayName>
				<displayName alt="proposed-x1001" draft="unconfirmed">euro</displayName>
			</currency>
			<currency type="GBP">
				<displayName>Britse pond</displayName>
			</currency>
			<currency type="GHC">
				<displayName>Ghanese cedi</displayName>
				<displayName alt="proposed-x1001" draft="unconfirmed">Ghanese cedi (1979-2007)</displayName>
			</currency>
			<currency type="GMD">
				<displayName>Gambiese dalasi</displayName>
			</currency>
			<currency type="GNS">
				<displayName>Guinese frank</displayName>
				<displayName alt="proposed-x1001" draft="unconfirmed">Guinese syli</displayName>
			</currency>
			<currency type="INR">
				<displayName>Indiese rupee</displayName>
			</currency>
			<currency type="ITL">
				<displayName draft="contributed">Italiaanse lier</displayName>
				<displayName alt="proposed-x1001" draft="unconfirmed">Italiaanse lire</displayName>
			</currency>
			<currency type="JPY">
				<displayName>Japannese jen</displayName>
			</currency>
			<currency type="KES">
				<displayName>Keniaanse sjieling</displayName>
			</currency>
			<currency type="KMF">
				<displayName>Comoriese frank</displayName>
			</currency>
			<currency type="LRD">
				<displayName>Liberiese dollar</displayName>
			</currency>
			<currency type="LSL">
				<displayName>Lesotho loti</displayName>
			</currency>
			<currency type="LYD">
				<displayName>Libiese dinar</displayName>
			</currency>
			<currency type="MAD">
				<displayName>Marokkaanse dirham</displayName>
			</currency>
			<currency type="MGA">
				<displayName>Malgassiese frank</displayName>
				<displayName alt="proposed-x1001" draft="unconfirmed">Malgassiese ariary</displayName>
			</currency>
			<currency type="MRO">
				<displayName>Mauritaniese ouguiya</displayName>
			</currency>
			<currency type="MUR">
				<displayName>Mauritiaanse rupee</displayName>
			</currency>
			<currency type="MWK">
				<displayName>Malawiese kwacha</displayName>
			</currency>
			<currency type="MZM">
				<displayName>Mosambiekse metical</displayName>
				<displayName alt="proposed-x1001" draft="unconfirmed">Ou Mosambiekse metical</displayName>
			</currency>
			<currency type="NAD">
				<displayName>Namibiese dollar</displayName>
			</currency>
			<currency type="NGN">
				<displayName>Nigeriese naira</displayName>
			</currency>
			<currency type="RUB">
				<displayName references="R001" draft="contributed">Roebel</displayName>
				<displayName alt="proposed-x1001" draft="unconfirmed">Russiese roebel</displayName>
			</currency>
			<currency type="RWF">
				<displayName>Rwandiese frank</displayName>
			</currency>
			<currency type="SAR">
				<displayName>Saoedi-Arabiese riyal</displayName>
			</currency>
			<currency type="SCR">
				<displayName>Seychellese rupee</displayName>
			</currency>
			<currency type="SDG">
				<displayName>Soedannese pond</displayName>
				<displayName alt="proposed-x1001" draft="unconfirmed">Sudanese dinar</displayName>
			</currency>
			<currency type="SDP">
				<displayName>Ou Soedannese pond</displayName>
				<displayName alt="proposed-x1001" draft="unconfirmed">Ou Sudanese pond</displayName>
				<displayName alt="proposed-x1002" draft="unconfirmed">Sudanese pond</displayName>
			</currency>
			<currency type="SHP">
				<displayName>Sint Helena pond</displayName>
			</currency>
			<currency type="SLL">
				<displayName>Sierra Leonese leone</displayName>
			</currency>
			<currency type="SOS">
				<displayName>Somaliese sjieling</displayName>
			</currency>
			<currency type="STD">
				<displayName>São Tomé en Principe dobra</displayName>
			</currency>
			<currency type="SZL">
				<displayName>Swazilandse lilangeni</displayName>
			</currency>
			<currency type="TND">
				<displayName>Tunisiese dinar</displayName>
			</currency>
			<currency type="TRL">
				<displayName draft="contributed">Ou Turkse lier</displayName>
				<displayName alt="proposed-x1001" draft="unconfirmed">Ou Turkse lire</displayName>
			</currency>
			<currency type="TRY">
				<displayName draft="contributed">Turkse lier</displayName>
				<displayName alt="proposed-x1001" draft="unconfirmed">Turkse lire</displayName>
			</currency>
			<currency type="TZS">
				<displayName>Tanzaniese sjieling</displayName>
			</currency>
			<currency type="UGX">
				<displayName>Ugandese sjieling</displayName>
			</currency>
			<currency type="USD">
				<displayName>Amerikaanse dollar</displayName>
			</currency>
			<currency type="XAF">
				<displayName>CFA frank BEAC</displayName>
			</currency>
			<currency type="XOF">
				<displayName>CFA frank BCEAO</displayName>
			</currency>
			<currency type="XXX">
				<displayName draft="contributed">Onbekende of ongeldige geldeenheid</displayName>
				<displayName alt="proposed-x1001" draft="unconfirmed">(onbekende valuta)</displayName>
			</currency>
			<currency type="ZAR">
				<displayName>Suid-Afrikaanse rand</displayName>
			</currency>
			<currency type="ZMK">
				<displayName>Zambiese kwacha</displayName>
			</currency>
			<currency type="ZWD">
				<displayName>Zimbabwiese dollar</displayName>
			</currency>
		</currencies>
	</numbers>
	<units>
		<unit type="day">
			<unitPattern count="one">{0} dag</unitPattern>
			<unitPattern count="one" alt="proposed-x1001" draft="unconfirmed">{0} etmaal</unitPattern>
			<unitPattern count="other">{0} dae</unitPattern>
			<unitPattern count="other" alt="proposed-x1001" draft="unconfirmed">{0} etmale</unitPattern>
		</unit>
		<unit type="hour">
			<unitPattern count="one" draft="unconfirmed">{0} uur</unitPattern>
			<unitPattern count="other" draft="unconfirmed">{0} uur</unitPattern>
		</unit>
		<unit type="minute">
			<unitPattern count="one" draft="unconfirmed">{0} minuut</unitPattern>
			<unitPattern count="other" draft="unconfirmed">{0} minute</unitPattern>
		</unit>
		<unit type="month">
			<unitPattern count="one" draft="unconfirmed">{0} maand</unitPattern>
			<unitPattern count="other" draft="unconfirmed">{0} maande</unitPattern>
		</unit>
		<unit type="second">
			<unitPattern count="one" draft="unconfirmed">{0} sekonde</unitPattern>
			<unitPattern count="other" draft="unconfirmed">{0} sekondes</unitPattern>
		</unit>
		<unit type="week">
			<unitPattern count="one" draft="unconfirmed">{0} week</unitPattern>
			<unitPattern count="other" draft="unconfirmed">{0} weke</unitPattern>
		</unit>
		<unit type="year">
			<unitPattern count="one" draft="unconfirmed">{0} jaar</unitPattern>
			<unitPattern count="other" draft="unconfirmed">{0} jaar</unitPattern>
		</unit>
	</units>
	<listPatterns>
		<listPattern>
			<listPatternPart type="2">{0} en {1}</listPatternPart>
			<listPatternPart type="end">{0} en {1}</listPatternPart>
		</listPattern>
	</listPatterns>
	<posix>
		<messages>
			<yesstr>ja:j</yesstr>
			<nostr>nee:n</nostr>
		</messages>
	</posix>
	<references>
		<reference type="R000" uri="ISBN 1 86890 034 7">Afrikaanse Woordelys en Spelreëls</reference>
		<reference type="R001" uri="ISBN 1 86890 044 4">Pharos - Afrikaans-Engels Woordeboek 2005</reference>
		<reference type="R002" uri="ISBN 1 86890 002 9">Pharos - Groot Woordeboek 1997</reference>
	</references>
</ldml>

