<?xml version="1.0" encoding="UTF-8" ?>
<!DOCTYPE ldml SYSTEM "../../common/dtd/ldml.dtd">
<ldml>
	<identity>
		<version number="$Revision: 4919 $"/>
		<generation date="$Date: 2010-05-25 00:38:39 -0500 (Tue, 25 May 2010) $"/>
		<language type="cy"/>
	</identity>
	<localeDisplayNames>
		<languages>
			<language type="af" draft="contributed">Affricaneg</language>
			<language type="am" draft="contributed">Amhareg</language>
			<language type="ar">Arabeg</language>
			<language type="as" draft="contributed">Asameg</language>
			<language type="az" draft="unconfirmed">Azerbaijani</language>
			<language type="be" draft="contributed">Belarwsiyn</language>
			<language type="bg" draft="contributed">Bwlgareg</language>
			<language type="bh" draft="contributed">Bihari</language>
			<language type="bn" draft="contributed">Bengali; Bangla</language>
			<language type="br" draft="contributed">Llydaweg</language>
			<language type="bs" draft="contributed">Bosnieg</language>
			<language type="ca" draft="contributed">Catalaneg</language>
			<language type="cs" draft="contributed">Tsiec</language>
			<language type="cy">Cymraeg</language>
			<language type="da" draft="contributed">Daneg</language>
			<language type="de">Almaeneg</language>
			<language type="el" draft="contributed">Groeg</language>
			<language type="en">Saesneg</language>
			<language type="eo" draft="contributed">Esperanto</language>
			<language type="es">Sbaeneg</language>
			<language type="et" draft="contributed">Estoneg</language>
			<language type="eu" draft="contributed">Basgeg</language>
			<language type="fa" draft="contributed">Persieg</language>
			<language type="fi" draft="contributed">Ffineg</language>
			<language type="fil" draft="contributed">Tagalog</language>
			<language type="fo" draft="contributed">Ffaroeg</language>
			<language type="fr">Ffrangeg</language>
			<language type="fy" draft="unconfirmed">Ffrisieg</language>
			<language type="ga" draft="contributed">Gwyddeleg</language>
			<language type="gd" draft="contributed">Gaeleg yr Alban</language>
			<language type="gl" draft="contributed">Galiseg</language>
			<language type="gn" draft="unconfirmed">Guarani</language>
			<language type="gu" draft="unconfirmed">Gwjarati</language>
			<language type="he" draft="contributed">Hebraeg</language>
			<language type="hi">Hindi</language>
			<language type="hr" draft="contributed">Croateg</language>
			<language type="hu" draft="contributed">Hwngareg</language>
			<language type="hy" draft="contributed">Armeneg</language>
			<language type="ia" draft="contributed">Interlingua</language>
			<language type="id" draft="contributed">Indonesieg</language>
			<language type="ie" draft="contributed">Interlingue</language>
			<language type="is" draft="contributed">Islandeg</language>
			<language type="it">Eidaleg</language>
			<language type="ja">Siapaneeg</language>
			<language type="jv" draft="contributed">Jafanaeg</language>
			<language type="ka" draft="contributed">Georgeg</language>
			<language type="km" draft="contributed">Cambodieg</language>
			<language type="kn" draft="contributed">Kannada</language>
			<language type="ko" draft="contributed">Corëeg</language>
			<language type="ku" draft="contributed">Cwrdeg</language>
			<language type="ky" draft="unconfirmed">Kyrgyz</language>
			<language type="la" draft="contributed">Lladin</language>
			<language type="ln" draft="contributed">Lingala</language>
			<language type="lo" draft="contributed">Laoeg</language>
			<language type="lt" draft="contributed">Lithwaneg</language>
			<language type="lv" draft="contributed">Latfieg</language>
			<language type="mk" draft="unconfirmed">Macedoneg</language>
			<language type="ml" draft="contributed">Malayalam</language>
			<language type="mn" draft="contributed">Mongoleg</language>
			<language type="mr" draft="contributed">Marathi</language>
			<language type="ms" draft="contributed">Malai</language>
			<language type="mt" draft="contributed">Malteseg</language>
			<language type="ne" draft="contributed">Nepali</language>
			<language type="nl" draft="contributed">Iseldireg</language>
			<language type="nn" draft="contributed">Norwyeg (Nynorsk)</language>
			<language type="no" draft="contributed">Norwyeg</language>
			<language type="oc" draft="contributed">Ocsitaneg</language>
			<language type="or" draft="contributed">Oriya</language>
			<language type="pa" draft="contributed">Pwnjabi</language>
			<language type="pl" draft="contributed">Pwyleg</language>
			<language type="ps" draft="contributed">Pashto</language>
			<language type="pt">Portiwgaleg</language>
			<language type="ro" draft="contributed">Rwmaneg</language>
			<language type="ru">Rwsieg</language>
			<language type="sa" draft="contributed">Sansgrit</language>
			<language type="sd" draft="contributed">Sindhi</language>
			<language type="sh" draft="contributed">Serbo-Croateg</language>
			<language type="si" draft="contributed">Sinhaleg</language>
			<language type="sk" draft="contributed">Slofaceg</language>
			<language type="sl" draft="contributed">Slofeneg</language>
			<language type="so" draft="contributed">Somaleg</language>
			<language type="sq" draft="contributed">Albaneg</language>
			<language type="sr" draft="contributed">Serbeg</language>
			<language type="st" draft="contributed">Sesotheg</language>
			<language type="su" draft="contributed">Sundaneg</language>
			<language type="sv" draft="contributed">Swedeg</language>
			<language type="sw" draft="contributed">Swahili</language>
			<language type="ta" draft="contributed">Tamil</language>
			<language type="te" draft="unconfirmed">Telugu</language>
			<language type="ti" draft="unconfirmed">Tigrinya</language>
			<language type="tk" draft="unconfirmed">Tyrcmeneg</language>
			<language type="tlh" draft="contributed">Klingon</language>
			<language type="tr" draft="unconfirmed">Twrceg</language>
			<language type="tw" draft="unconfirmed">Twi</language>
			<language type="ug" draft="unconfirmed">Uighur</language>
			<language type="uk" draft="contributed">Wcreineg</language>
			<language type="und" draft="contributed">anh</language>
			<language type="ur" draft="unconfirmed">Urdu</language>
			<language type="uz" draft="contributed">Wsbeceg</language>
			<language type="vi" draft="contributed">Fietnameg</language>
			<language type="xh" draft="unconfirmed">Xhosa</language>
			<language type="yi" draft="unconfirmed">Iddew-Almaeneg</language>
			<language type="zh">Tseineeg</language>
			<language type="zu" draft="contributed">Zwlw</language>
		</languages>
		<scripts>
			<script type="Latn">Lladin</script>
		</scripts>
		<territories>
			<territory type="001" draft="unconfirmed">Y Byd</territory>
			<territory type="002" draft="unconfirmed">Affrica</territory>
			<territory type="005" draft="unconfirmed">De America</territory>
			<territory type="009" draft="unconfirmed">Oceania</territory>
			<territory type="011" draft="unconfirmed">Gorllewin Affrica</territory>
			<territory type="013" draft="unconfirmed">Canolbarth America</territory>
			<territory type="014" draft="unconfirmed">Dwyrain Affrica</territory>
			<territory type="015" draft="unconfirmed">Gogledd Affrica</territory>
			<territory type="017" draft="unconfirmed">Canol Affrica</territory>
			<territory type="018" draft="unconfirmed">De Affrica [018]</territory>
			<territory type="019" draft="unconfirmed">Americas</territory>
			<territory type="021" draft="unconfirmed">Gogledd America</territory>
			<territory type="029" draft="unconfirmed">Y Caribî</territory>
			<territory type="030" draft="unconfirmed">Dwyrain Asia</territory>
			<territory type="035" draft="unconfirmed">De ddwyrain Asia</territory>
			<territory type="039" draft="unconfirmed">De Ewrop</territory>
			<territory type="053" draft="unconfirmed">Awstralia a Seland Newydd</territory>
			<territory type="054" draft="unconfirmed">Melanesia</territory>
			<territory type="057" draft="unconfirmed">Micronesia [057]</territory>
			<territory type="061" draft="unconfirmed">Polynesia</territory>
			<territory type="062" draft="unconfirmed">De Canol Asia</territory>
			<territory type="142" draft="unconfirmed">Asia</territory>
			<territory type="145" draft="unconfirmed">Gorllewin Asia</territory>
			<territory type="150" draft="unconfirmed">Ewrop</territory>
			<territory type="151" draft="unconfirmed">Dwyrain Ewrop</territory>
			<territory type="154" draft="unconfirmed">Gogledd Ewrop</territory>
			<territory type="155" draft="unconfirmed">Gorllewin Ewrop</territory>
			<territory type="830" draft="unconfirmed">Ynysoedd y Sianel</territory>
			<territory type="AD" draft="unconfirmed">Andorra</territory>
			<territory type="AE" draft="unconfirmed">Emiraethau Arabaidd Unedig</territory>
			<territory type="AF" draft="unconfirmed">Affganistan</territory>
			<territory type="AG" draft="unconfirmed">Antigwa a Barbuda</territory>
			<territory type="AI" draft="unconfirmed">Anguilla</territory>
			<territory type="AL" draft="unconfirmed">Albania</territory>
			<territory type="AM" draft="unconfirmed">Armenia</territory>
			<territory type="AN" draft="unconfirmed">Ynysoedd Caribî yr Iseldiroedd</territory>
			<territory type="AO" draft="unconfirmed">Angola</territory>
			<territory type="AQ" draft="unconfirmed">Antarctica</territory>
			<territory type="AR" draft="unconfirmed">Yr Ariannin</territory>
			<territory type="AS" draft="unconfirmed">Samoa Americanaidd</territory>
			<territory type="AT" draft="unconfirmed">Awstria</territory>
			<territory type="AU" draft="unconfirmed">Awstralia</territory>
			<territory type="AW" draft="unconfirmed">Aruba</territory>
			<territory type="AX" draft="unconfirmed">Ynysoedd Aland</territory>
			<territory type="AZ" draft="unconfirmed">Azerbaijan</territory>
			<territory type="BA" draft="unconfirmed">Bosnia a Herzegovina</territory>
			<territory type="BB" draft="unconfirmed">Barbados</territory>
			<territory type="BD" draft="unconfirmed">Bangladesh</territory>
			<territory type="BE" draft="unconfirmed">Gwlad Belg</territory>
			<territory type="BF" draft="unconfirmed">Burkina Faso</territory>
			<territory type="BG" draft="unconfirmed">Bwlgaria</territory>
			<territory type="BH" draft="unconfirmed">Bahrain</territory>
			<territory type="BI" draft="unconfirmed">Burundi</territory>
			<territory type="BJ" draft="unconfirmed">Benin</territory>
			<territory type="BM" draft="unconfirmed">Bermwda</territory>
			<territory type="BN" draft="unconfirmed">Brunei</territory>
			<territory type="BO" draft="unconfirmed">Bolifia</territory>
			<territory type="BR" draft="unconfirmed">Brasil</territory>
			<territory type="BS" draft="unconfirmed">Y Bahamas</territory>
			<territory type="BT" draft="unconfirmed">Bhwtan</territory>
			<territory type="BV" draft="unconfirmed">Ynys Bouvet</territory>
			<territory type="BW" draft="unconfirmed">Botswana</territory>
			<territory type="BY" draft="unconfirmed">Belarws</territory>
			<territory type="BZ" draft="unconfirmed">Belize</territory>
			<territory type="CA" draft="unconfirmed">Canada</territory>
			<territory type="CC" draft="unconfirmed">Ynysoedd Cocos (Keeling)</territory>
			<territory type="CD" draft="unconfirmed">Gweriniaeth Ddemocrataidd y Congo</territory>
			<territory type="CF" draft="unconfirmed">Gweriniaeth Canol Affrica</territory>
			<territory type="CG" draft="unconfirmed">Congo</territory>
			<territory type="CH" draft="unconfirmed">Y Swistir</territory>
			<territory type="CI" draft="unconfirmed">Côte d’Ivoire</territory>
			<territory type="CK" draft="unconfirmed">Ynysoedd Cook</territory>
			<territory type="CL" draft="unconfirmed">Chile</territory>
			<territory type="CM" draft="unconfirmed">Y Camerŵn</territory>
			<territory type="CN" draft="unconfirmed">Tseina</territory>
			<territory type="CO" draft="unconfirmed">Colombia</territory>
			<territory type="CR" draft="unconfirmed">Costa Rica</territory>
			<territory type="CU" draft="unconfirmed">Ciwba</territory>
			<territory type="CV" draft="unconfirmed">Cape Verde</territory>
			<territory type="CX" draft="unconfirmed">Ynys y Nadolig</territory>
			<territory type="CY" draft="unconfirmed">Cyprus</territory>
			<territory type="CZ" draft="unconfirmed">Gweriniaeth Tsiec</territory>
			<territory type="DE" draft="unconfirmed">Yr Almaen</territory>
			<territory type="DJ" draft="unconfirmed">Djibouti</territory>
			<territory type="DK" draft="unconfirmed">Denmarc</territory>
			<territory type="DM" draft="unconfirmed">Dominica</territory>
			<territory type="DO" draft="unconfirmed">Y Weriniaeth Ddominicaidd</territory>
			<territory type="DZ" draft="unconfirmed">Algeria</territory>
			<territory type="EC" draft="unconfirmed">Ecwador</territory>
			<territory type="EE" draft="unconfirmed">Estonia</territory>
			<territory type="EG" draft="unconfirmed">Yr Aifft</territory>
			<territory type="EH" draft="unconfirmed">Gorllewin Sahara</territory>
			<territory type="ER" draft="unconfirmed">Eritrea</territory>
			<territory type="ES" draft="unconfirmed">Sbaen</territory>
			<territory type="ET" draft="unconfirmed">Ethiopia</territory>
			<territory type="FI" draft="unconfirmed">Y Ffindir</territory>
			<territory type="FJ" draft="unconfirmed">Fiji</territory>
			<territory type="FK" draft="unconfirmed">Ynysoedd y Falkland</territory>
			<territory type="FM" draft="unconfirmed">Micronesia</territory>
			<territory type="FO" draft="unconfirmed">Ynysoedd Ffaröe</territory>
			<territory type="FR" draft="unconfirmed">Ffrainc</territory>
			<territory type="GA" draft="unconfirmed">Gabon</territory>
			<territory type="GB">Prydain Fawr</territory>
			<territory type="GD" draft="unconfirmed">Grenada</territory>
			<territory type="GE" draft="unconfirmed">Georgia</territory>
			<territory type="GF" draft="unconfirmed">Giana Ffrengig</territory>
			<territory type="GH" draft="unconfirmed">Ghana</territory>
			<territory type="GI" draft="unconfirmed">Gibraltar</territory>
			<territory type="GL" draft="unconfirmed">Yr Ynys Las</territory>
			<territory type="GM" draft="unconfirmed">Gambia</territory>
			<territory type="GN" draft="unconfirmed">Gini</territory>
			<territory type="GP" draft="unconfirmed">Guadeloupe</territory>
			<territory type="GQ" draft="unconfirmed">Gini Gyhydeddol</territory>
			<territory type="GR" draft="unconfirmed">Gwlad Groeg</territory>
			<territory type="GS" draft="unconfirmed">Ynysoedd De Georgia a De Sandwich</territory>
			<territory type="GT" draft="unconfirmed">Guatemala</territory>
			<territory type="GU" draft="unconfirmed">Guam</territory>
			<territory type="GW" draft="unconfirmed">Guinea-Bissau</territory>
			<territory type="GY" draft="unconfirmed">Guyana</territory>
			<territory type="HK" draft="unconfirmed">Hong Kong S.A.R., Tseina</territory>
			<territory type="HM" draft="unconfirmed">Ynys Heard ac Ynysoedd McDonald</territory>
			<territory type="HN" draft="unconfirmed">Hondwras</territory>
			<territory type="HR" draft="unconfirmed">Croatia</territory>
			<territory type="HT" draft="unconfirmed">Haiti</territory>
			<territory type="HU" draft="unconfirmed">Hwngari</territory>
			<territory type="ID" draft="unconfirmed">Indonesia</territory>
			<territory type="IE" draft="unconfirmed">Iwerddon</territory>
			<territory type="IL" draft="unconfirmed">Israel</territory>
			<territory type="IM" draft="unconfirmed">Ynys Manaw</territory>
			<territory type="IN" draft="unconfirmed">India</territory>
			<territory type="IO" draft="unconfirmed">Tiriogaeth Cefnfor India Prydain</territory>
			<territory type="IQ" draft="unconfirmed">Irac</territory>
			<territory type="IR" draft="unconfirmed">Iran</territory>
			<territory type="IS" draft="unconfirmed">Gwlad yr Iâ</territory>
			<territory type="IT" draft="unconfirmed">Yr Eidal</territory>
			<territory type="JM" draft="unconfirmed">Jamaica</territory>
			<territory type="JO" draft="unconfirmed">Yr Iorddonen</territory>
			<territory type="JP" draft="unconfirmed">Siapan</territory>
			<territory type="KE" draft="unconfirmed">Cenia</territory>
			<territory type="KG" draft="unconfirmed">Cirgistan</territory>
			<territory type="KH" draft="unconfirmed">Cambodia</territory>
			<territory type="KI" draft="unconfirmed">Kiribati</territory>
			<territory type="KM" draft="unconfirmed">Comoros</territory>
			<territory type="KN" draft="unconfirmed">Saint Kitts a Nevis</territory>
			<territory type="KP" draft="unconfirmed">Gogledd Corea</territory>
			<territory type="KR" draft="unconfirmed">De Corea</territory>
			<territory type="KW" draft="unconfirmed">Coweit</territory>
			<territory type="KY" draft="unconfirmed">Ynysoedd Cayman</territory>
			<territory type="KZ" draft="unconfirmed">Kazakhstan</territory>
			<territory type="LA" draft="unconfirmed">Laos</territory>
			<territory type="LB" draft="unconfirmed">Libanus</territory>
			<territory type="LC" draft="unconfirmed">Saint Lucia</territory>
			<territory type="LI" draft="unconfirmed">Liechtenstein</territory>
			<territory type="LK" draft="unconfirmed">Sri Lanka</territory>
			<territory type="LR" draft="unconfirmed">Liberia</territory>
			<territory type="LS" draft="unconfirmed">Lesotho</territory>
			<territory type="LT" draft="unconfirmed">Lithwania</territory>
			<territory type="LU" draft="unconfirmed">Lwcsembwrg</territory>
			<territory type="LV" draft="unconfirmed">Latfia</territory>
			<territory type="LY" draft="unconfirmed">Libia</territory>
			<territory type="MA" draft="unconfirmed">Moroco</territory>
			<territory type="MC" draft="unconfirmed">Monaco</territory>
			<territory type="MD" draft="unconfirmed">Moldofa</territory>
			<territory type="MG" draft="unconfirmed">Madagascar</territory>
			<territory type="MH" draft="unconfirmed">Ynysoedd Marshall</territory>
			<territory type="MK" draft="unconfirmed">Macedonia</territory>
			<territory type="ML" draft="unconfirmed">Mali</territory>
			<territory type="MM" draft="unconfirmed">Myanmar</territory>
			<territory type="MN" draft="unconfirmed">Mongolia</territory>
			<territory type="MO" draft="unconfirmed">Macao S.A.R., Tseina</territory>
			<territory type="MP" draft="unconfirmed">Ynysoedd Gogledd Mariana</territory>
			<territory type="MQ" draft="unconfirmed">Martinique</territory>
			<territory type="MR" draft="unconfirmed">Mawritania</territory>
			<territory type="MS" draft="unconfirmed">Montserrat</territory>
			<territory type="MT" draft="unconfirmed">Malta</territory>
			<territory type="MU" draft="unconfirmed">Mawrisiws</territory>
			<territory type="MV" draft="unconfirmed">Maldives</territory>
			<territory type="MW" draft="unconfirmed">Malawi</territory>
			<territory type="MX" draft="unconfirmed">Mecsico</territory>
			<territory type="MY" draft="unconfirmed">Malaysia</territory>
			<territory type="MZ" draft="unconfirmed">Mozambique</territory>
			<territory type="NA" draft="unconfirmed">Namibia</territory>
			<territory type="NC" draft="unconfirmed">Caledonia Newydd</territory>
			<territory type="NE" draft="unconfirmed">Niger</territory>
			<territory type="NF" draft="unconfirmed">Ynys Norfolk</territory>
			<territory type="NG" draft="unconfirmed">Nigeria</territory>
			<territory type="NI" draft="unconfirmed">Nicaragwa</territory>
			<territory type="NL" draft="unconfirmed">Yr Iseldiroedd</territory>
			<territory type="NO" draft="unconfirmed">Norwy</territory>
			<territory type="NP" draft="unconfirmed">Nepal</territory>
			<territory type="NR" draft="unconfirmed">Nawrw</territory>
			<territory type="NU" draft="unconfirmed">Niue</territory>
			<territory type="NZ" draft="unconfirmed">Seland Newydd</territory>
			<territory type="OM" draft="unconfirmed">Oman</territory>
			<territory type="PA" draft="unconfirmed">Panama</territory>
			<territory type="PE" draft="unconfirmed">Perw</territory>
			<territory type="PF" draft="unconfirmed">Polynesia Ffrainc</territory>
			<territory type="PG" draft="unconfirmed">Papua Gini Newydd</territory>
			<territory type="PH" draft="unconfirmed">Philipinau</territory>
			<territory type="PK" draft="unconfirmed">Pacistan</territory>
			<territory type="PL" draft="unconfirmed">Gwlad Pwyl</territory>
			<territory type="PM" draft="unconfirmed">Saint Pierre a Miquelon</territory>
			<territory type="PN" draft="unconfirmed">Pitcairn</territory>
			<territory type="PR" draft="unconfirmed">Puerto Rico</territory>
			<territory type="PS" draft="unconfirmed">Tiriogaeth Palesteina</territory>
			<territory type="PT" draft="unconfirmed">Portiwgal</territory>
			<territory type="PW" draft="unconfirmed">Palau</territory>
			<territory type="PY" draft="unconfirmed">Paraguay</territory>
			<territory type="QA" draft="unconfirmed">Qatar</territory>
			<territory type="QO" draft="unconfirmed">Ynysoedd Pellenig y De</territory>
			<territory type="RE" draft="unconfirmed">Réunion</territory>
			<territory type="RO" draft="unconfirmed">Rwmania</territory>
			<territory type="RU" draft="unconfirmed">Rwsia</territory>
			<territory type="RW" draft="unconfirmed">Rwanda</territory>
			<territory type="SA" draft="unconfirmed">Sawdi-Arabia</territory>
			<territory type="SB" draft="unconfirmed">Ynysoedd Solomon</territory>
			<territory type="SC" draft="unconfirmed">Seychelles</territory>
			<territory type="SD" draft="unconfirmed">Y Swdan</territory>
			<territory type="SE" draft="unconfirmed">Sweden</territory>
			<territory type="SG" draft="unconfirmed">Singapore</territory>
			<territory type="SH" draft="unconfirmed">Saint Helena</territory>
			<territory type="SI" draft="unconfirmed">Slofenia</territory>
			<territory type="SJ" draft="unconfirmed">Svalbard a Jan Mayen</territory>
			<territory type="SK" draft="unconfirmed">Slofacia</territory>
			<territory type="SL" draft="unconfirmed">Sierra Leone</territory>
			<territory type="SM" draft="unconfirmed">San Marino</territory>
			<territory type="SN" draft="unconfirmed">Senegal</territory>
			<territory type="SO" draft="unconfirmed">Somalia</territory>
			<territory type="SR" draft="unconfirmed">Swrinam</territory>
			<territory type="ST" draft="unconfirmed">Sao Tome a Principe</territory>
			<territory type="SV" draft="unconfirmed">El Salfador</territory>
			<territory type="SY" draft="unconfirmed">Syria</territory>
			<territory type="SZ" draft="unconfirmed">Swaziland</territory>
			<territory type="TC" draft="unconfirmed">Ynysoedd Turks a Caicos</territory>
			<territory type="TD" draft="unconfirmed">Chad</territory>
			<territory type="TF" draft="unconfirmed">Tiriogaethau Ffrengig y De</territory>
			<territory type="TG" draft="unconfirmed">Togo</territory>
			<territory type="TH" draft="unconfirmed">Gwlad Thai</territory>
			<territory type="TJ" draft="unconfirmed">Tajicistan</territory>
			<territory type="TK" draft="unconfirmed">Tokelau</territory>
			<territory type="TL" draft="unconfirmed">Timor-Leste</territory>
			<territory type="TM" draft="unconfirmed">Tyrcmenistan</territory>
			<territory type="TN" draft="unconfirmed">Tiwnisia</territory>
			<territory type="TO" draft="unconfirmed">Tonga</territory>
			<territory type="TR" draft="unconfirmed">Twrci</territory>
			<territory type="TT" draft="unconfirmed">Trinidad a Thobago</territory>
			<territory type="TV" draft="unconfirmed">Twfalw</territory>
			<territory type="TW" draft="unconfirmed">Taiwan</territory>
			<territory type="TZ" draft="unconfirmed">Tansanïa</territory>
			<territory type="UA" draft="unconfirmed">Wcráin</territory>
			<territory type="UG" draft="unconfirmed">Uganda</territory>
			<territory type="UM" draft="unconfirmed">Mân Ynysoedd Pellenig yr Unol Daleithiau</territory>
			<territory type="US" draft="unconfirmed">Yr Unol Daleithiau</territory>
			<territory type="UY" draft="unconfirmed">Uruguay</territory>
			<territory type="UZ" draft="unconfirmed">Wsbecistan</territory>
			<territory type="VA" draft="unconfirmed">Y Fatican</territory>
			<territory type="VC" draft="unconfirmed">Saint Vincent a’r Grenadines</territory>
			<territory type="VE" draft="unconfirmed">Venezuela</territory>
			<territory type="VG" draft="unconfirmed">Ynysoedd Prydeinig y Wyryf</territory>
			<territory type="VI" draft="unconfirmed">Ynysoedd Americanaidd y Wyryf</territory>
			<territory type="VN" draft="unconfirmed">Fietnam</territory>
			<territory type="VU" draft="unconfirmed">Vanuatu</territory>
			<territory type="WF" draft="unconfirmed">Wallis a Futuna</territory>
			<territory type="WS" draft="unconfirmed">Samoa</territory>
			<territory type="YE" draft="unconfirmed">Yemen</territory>
			<territory type="YT" draft="unconfirmed">Mayotte</territory>
			<territory type="ZA" draft="unconfirmed">De Affrica</territory>
			<territory type="ZM" draft="unconfirmed">Sambia</territory>
			<territory type="ZW" draft="unconfirmed">Simbabwe</territory>
		</territories>
		<measurementSystemNames>
			<measurementSystemName type="metric" draft="contributed">Metrig</measurementSystemName>
			<measurementSystemName type="US" draft="contributed">UD</measurementSystemName>
		</measurementSystemNames>
	</localeDisplayNames>
	<characters>
		<exemplarCharacters>[a á à â ä b c {ch} d {dd} e é è ê ë f {ff} g {ng} h i í ì î ï l {ll} m n o ó ò ô ö p {ph} r {rh} s t {th} u ú ù û ü w ẃ ẁ ŵ ẅ y ý ỳ ŷ ÿ]</exemplarCharacters>
		<exemplarCharacters type="auxiliary">[j k q v x z]</exemplarCharacters>
		<exemplarCharacters type="index" draft="contributed">[A B C {CH} D E F {FF} G H I J L {LL} M N O P {PH} R {RH} S T {TH} U W Y]</exemplarCharacters>
	</characters>
	<delimiters>
		<quotationStart draft="unconfirmed">‘</quotationStart>
		<quotationEnd draft="unconfirmed">’</quotationEnd>
		<alternateQuotationStart draft="unconfirmed">“</alternateQuotationStart>
		<alternateQuotationEnd draft="unconfirmed">”</alternateQuotationEnd>
	</delimiters>
	<dates>
		<calendars>
			<calendar type="gregorian">
				<months>
					<monthContext type="format">
						<monthWidth type="abbreviated">
							<month type="1">Ion</month>
							<month type="2">Chwef</month>
							<month type="3">Mawrth</month>
							<month type="4">Ebrill</month>
							<month type="5">Mai</month>
							<month type="6">Meh</month>
							<month type="7">Gorff</month>
							<month type="8">Awst</month>
							<month type="9">Medi</month>
							<month type="10">Hyd</month>
							<month type="11">Tach</month>
							<month type="12">Rhag</month>
						</monthWidth>
						<monthWidth type="wide">
							<month type="1">Ionawr</month>
							<month type="2">Chwefror</month>
							<month type="3">Mawrth</month>
							<month type="4">Ebrill</month>
							<month type="5">Mai</month>
							<month type="6">Mehefin</month>
							<month type="7">Gorffenaf</month>
							<month type="8">Awst</month>
							<month type="9">Medi</month>
							<month type="10">Hydref</month>
							<month type="11">Tachwedd</month>
							<month type="12">Rhagfyr</month>
						</monthWidth>
					</monthContext>
					<monthContext type="stand-alone">
						<monthWidth type="abbreviated">
							<month type="2" draft="contributed">Chwe</month>
							<month type="3" draft="contributed">Maw</month>
							<month type="4" draft="contributed">Ebr</month>
							<month type="7" draft="contributed">Gor</month>
						</monthWidth>
						<monthWidth type="narrow">
							<month type="1">I</month>
							<month type="2">C</month>
							<month type="3">M</month>
							<month type="4">E</month>
							<month type="5">M</month>
							<month type="6">M</month>
							<month type="7">G</month>
							<month type="8">A</month>
							<month type="9">M</month>
							<month type="10">H</month>
							<month type="11">T</month>
							<month type="12">R</month>
						</monthWidth>
						<monthWidth type="wide">
							<month type="7" draft="contributed">Gorffennaf</month>
						</monthWidth>
					</monthContext>
				</months>
				<days>
					<dayContext type="format">
						<dayWidth type="abbreviated">
							<day type="sun">Sul</day>
							<day type="mon">Llun</day>
							<day type="tue">Maw</day>
							<day type="wed">Mer</day>
							<day type="thu">Iau</day>
							<day type="fri">Gwen</day>
							<day type="sat">Sad</day>
						</dayWidth>
						<dayWidth type="wide">
							<day type="sun">Dydd Sul</day>
							<day type="mon">Dydd Llun</day>
							<day type="tue">Dydd Mawrth</day>
							<day type="wed">Dydd Mercher</day>
							<day type="thu">Dydd Iau</day>
							<day type="fri">Dydd Gwener</day>
							<day type="sat">Dydd Sadwrn</day>
						</dayWidth>
					</dayContext>
					<dayContext type="stand-alone">
						<dayWidth type="abbreviated">
							<day type="fri" draft="contributed">Gwe</day>
						</dayWidth>
						<dayWidth type="narrow">
							<day type="sun">S</day>
							<day type="mon">L</day>
							<day type="tue">M</day>
							<day type="wed">M</day>
							<day type="thu">I</day>
							<day type="fri">G</day>
							<day type="sat">S</day>
						</dayWidth>
					</dayContext>
				</days>
				<quarters>
					<quarterContext type="format">
						<quarterWidth type="abbreviated">
							<quarter type="1" draft="contributed">Ch1</quarter>
							<quarter type="2" draft="contributed">Ch2</quarter>
							<quarter type="3" draft="contributed">Ch3</quarter>
							<quarter type="4" draft="contributed">Ch4</quarter>
						</quarterWidth>
						<quarterWidth type="wide">
							<quarter type="1" draft="contributed">Chwarter 1af</quarter>
							<quarter type="2" draft="contributed">2il chwarter</quarter>
							<quarter type="3" draft="contributed">3ydd chwarter</quarter>
							<quarter type="4" draft="contributed">4ydd chwarter</quarter>
						</quarterWidth>
					</quarterContext>
				</quarters>
				<eras>
					<eraNames>
						<era type="0" draft="contributed">Cyn Crist</era>
						<era type="1" draft="contributed">Oed Crist</era>
					</eraNames>
					<eraAbbr>
						<era type="0" draft="contributed">CC</era>
						<era type="1" draft="contributed">OC</era>
					</eraAbbr>
					<eraNarrow>
						<era type="0" draft="contributed">C</era>
						<era type="1" draft="contributed">O</era>
					</eraNarrow>
				</eras>
				<dateFormats>
					<dateFormatLength type="full">
						<dateFormat>
							<pattern>EEEE, d MMMM y</pattern>
						</dateFormat>
					</dateFormatLength>
					<dateFormatLength type="long">
						<dateFormat>
							<pattern>d MMMM y</pattern>
						</dateFormat>
					</dateFormatLength>
					<dateFormatLength type="medium">
						<dateFormat>
							<pattern>d MMM y</pattern>
						</dateFormat>
					</dateFormatLength>
					<dateFormatLength type="short">
						<dateFormat>
							<pattern>dd/MM/yyyy</pattern>
						</dateFormat>
					</dateFormatLength>
				</dateFormats>
				<timeFormats>
					<timeFormatLength type="full">
						<timeFormat>
							<pattern>HH:mm:ss zzzz</pattern>
							<pattern alt="proposed-x1001" draft="unconfirmed">h:mm:ss a zzzz</pattern>
						</timeFormat>
					</timeFormatLength>
					<timeFormatLength type="long">
						<timeFormat>
							<pattern>HH:mm:ss z</pattern>
							<pattern alt="proposed-x1001" draft="unconfirmed">h:mm:ss a z</pattern>
						</timeFormat>
					</timeFormatLength>
					<timeFormatLength type="medium">
						<timeFormat>
							<pattern>HH:mm:ss</pattern>
							<pattern alt="proposed-x1001" draft="unconfirmed">h:mm:ss a</pattern>
						</timeFormat>
					</timeFormatLength>
					<timeFormatLength type="short">
						<timeFormat>
							<pattern>HH:mm</pattern>
							<pattern alt="proposed-x1001" draft="unconfirmed">h:mm a</pattern>
						</timeFormat>
					</timeFormatLength>
				</timeFormats>
				<dateTimeFormats>
					<availableFormats>
						<dateFormatItem id="Md" draft="contributed">d/M</dateFormatItem>
					</availableFormats>
					<intervalFormats>
						<intervalFormatFallback draft="contributed">{0} – {1}</intervalFormatFallback>
						<intervalFormatItem id="d">
							<greatestDifference id="d" draft="contributed">d-d</greatestDifference>
						</intervalFormatItem>
						<intervalFormatItem id="h">
							<greatestDifference id="a" draft="contributed">h a – h a</greatestDifference>
							<greatestDifference id="h" draft="contributed">h–h a</greatestDifference>
						</intervalFormatItem>
						<intervalFormatItem id="hm">
							<greatestDifference id="a" draft="contributed">h:mm a – h:mm a</greatestDifference>
							<greatestDifference id="h" draft="contributed">h:mm–h:mm a</greatestDifference>
							<greatestDifference id="m" draft="contributed">h:mm–h:mm a</greatestDifference>
						</intervalFormatItem>
						<intervalFormatItem id="hmv">
							<greatestDifference id="a" draft="contributed">h:mm a – h:mm a v</greatestDifference>
							<greatestDifference id="h" draft="contributed">h:mm–h:mm a v</greatestDifference>
							<greatestDifference id="m" draft="contributed">h:mm–h:mm a v</greatestDifference>
						</intervalFormatItem>
						<intervalFormatItem id="hv">
							<greatestDifference id="a" draft="contributed">h a – h a v</greatestDifference>
							<greatestDifference id="h" draft="contributed">h–h a v</greatestDifference>
						</intervalFormatItem>
						<intervalFormatItem id="M">
							<greatestDifference id="M" draft="contributed">M-M</greatestDifference>
						</intervalFormatItem>
						<intervalFormatItem id="Md">
							<greatestDifference id="d" draft="contributed">d/M – d/M</greatestDifference>
							<greatestDifference id="M" draft="contributed">d/M – d/M</greatestDifference>
						</intervalFormatItem>
						<intervalFormatItem id="MEd">
							<greatestDifference id="d" draft="contributed">E, d/M – E, d/M</greatestDifference>
							<greatestDifference id="M" draft="contributed">E, d/M – E, d/M</greatestDifference>
						</intervalFormatItem>
						<intervalFormatItem id="MMM">
							<greatestDifference id="M" draft="contributed">MMM-MMM</greatestDifference>
						</intervalFormatItem>
						<intervalFormatItem id="MMMd">
							<greatestDifference id="d" draft="contributed">MMM d–d</greatestDifference>
							<greatestDifference id="M" draft="contributed">d MMM – d MMM</greatestDifference>
						</intervalFormatItem>
						<intervalFormatItem id="MMMEd">
							<greatestDifference id="d" draft="contributed">E, d MMM – E, d MMM</greatestDifference>
							<greatestDifference id="M" draft="contributed">E, d MMM – E, d MMM</greatestDifference>
						</intervalFormatItem>
						<intervalFormatItem id="MMMM">
							<greatestDifference id="M" draft="contributed">LLLL-LLLL</greatestDifference>
						</intervalFormatItem>
						<intervalFormatItem id="y">
							<greatestDifference id="y" draft="contributed">y-y</greatestDifference>
						</intervalFormatItem>
						<intervalFormatItem id="yM">
							<greatestDifference id="M" draft="contributed">M/yy – M/yy</greatestDifference>
							<greatestDifference id="y" draft="contributed">M/yy – M/yy</greatestDifference>
						</intervalFormatItem>
						<intervalFormatItem id="yMd">
							<greatestDifference id="d" draft="contributed">d/M/yy - d/M/yy</greatestDifference>
							<greatestDifference id="M" draft="contributed">d/M/yy - d/M/yy</greatestDifference>
							<greatestDifference id="y" draft="contributed">d/M/yy - d/M/yy</greatestDifference>
						</intervalFormatItem>
						<intervalFormatItem id="yMEd">
							<greatestDifference id="d" draft="contributed">E, d/M/yy - E, d/M/yy</greatestDifference>
							<greatestDifference id="M" draft="contributed">E, d/M/yy - E, d/M/yy</greatestDifference>
							<greatestDifference id="y" draft="contributed">E, d/M/yy - E, d/M/yy</greatestDifference>
						</intervalFormatItem>
						<intervalFormatItem id="yMMM">
							<greatestDifference id="M" draft="contributed">MMM - MMM, y</greatestDifference>
							<greatestDifference id="y" draft="contributed">MMM y - MMM y</greatestDifference>
						</intervalFormatItem>
						<intervalFormatItem id="yMMMd">
							<greatestDifference id="d" draft="contributed">d-d MMM, y</greatestDifference>
							<greatestDifference id="M" draft="contributed">d MMM - d MMM, y</greatestDifference>
							<greatestDifference id="y" draft="contributed">d MMM, y - d MMM, y</greatestDifference>
						</intervalFormatItem>
						<intervalFormatItem id="yMMMEd">
							<greatestDifference id="d" draft="contributed">E, d MMM - E, d MMM, y</greatestDifference>
							<greatestDifference id="M" draft="contributed">E, d MMM - E, d MMM, y</greatestDifference>
							<greatestDifference id="y" draft="contributed">E, d MMM, y - E, d MMM, y</greatestDifference>
						</intervalFormatItem>
						<intervalFormatItem id="yMMMM">
							<greatestDifference id="M" draft="contributed">yyyy-MM – MM</greatestDifference>
							<greatestDifference id="y" draft="contributed">yyyy-MM – yyyy-MM</greatestDifference>
						</intervalFormatItem>
					</intervalFormats>
				</dateTimeFormats>
				<fields>
					<field type="era">
						<displayName draft="contributed">Oes</displayName>
					</field>
					<field type="year">
						<displayName draft="contributed">Blwyddyn</displayName>
					</field>
					<field type="month">
						<displayName draft="contributed">Mis</displayName>
					</field>
					<field type="week">
						<displayName draft="contributed">Wythnos</displayName>
					</field>
					<field type="day">
						<displayName draft="contributed">Dydd</displayName>
						<relative type="-3" draft="contributed">Dridiau yn ôl</relative>
						<relative type="-2" draft="contributed">Echdoe</relative>
						<relative type="2" draft="contributed">Drennydd</relative>
						<relative type="3" draft="contributed">Ymhen tridiau</relative>
					</field>
					<field type="weekday">
						<displayName draft="contributed">Dydd o'r Wythnos</displayName>
					</field>
					<field type="dayperiod">
						<displayName draft="contributed">AM/PM</displayName>
					</field>
					<field type="hour">
						<displayName draft="contributed">Awr</displayName>
					</field>
					<field type="minute">
						<displayName draft="contributed">Munud</displayName>
					</field>
					<field type="second">
						<displayName draft="contributed">Eiliad</displayName>
					</field>
					<field type="zone">
						<displayName draft="contributed">Cylchfa</displayName>
					</field>
				</fields>
			</calendar>
		</calendars>
		<timeZoneNames>
			<hourFormat>+HHmm;-HHmm</hourFormat>
			<zone type="Antarctica/South_Pole">
				<exemplarCity draft="unconfirmed">Pegwn y De</exemplarCity>
			</zone>
			<zone type="America/St_Johns">
				<exemplarCity draft="unconfirmed">St. John’s</exemplarCity>
			</zone>
			<zone type="Europe/London">
				<exemplarCity draft="unconfirmed">Llundain</exemplarCity>
			</zone>
			<zone type="America/Mexico_City">
				<exemplarCity draft="unconfirmed">Dinas Mecsico</exemplarCity>
			</zone>
			<zone type="America/New_York">
				<exemplarCity draft="unconfirmed">Efrog Newydd</exemplarCity>
			</zone>
		</timeZoneNames>
	</dates>
	<numbers>
		<currencyFormats>
			<currencyFormatLength>
				<currencyFormat>
					<pattern draft="provisional">¤#,##0.00</pattern>
				</currencyFormat>
			</currencyFormatLength>
		</currencyFormats>
		<currencies>
			<currency type="BRL">
				<displayName>Real Brasil</displayName>
			</currency>
			<currency type="CNY">
				<displayName>Yuan Renminbi Tseina</displayName>
			</currency>
			<currency type="EUR">
				<displayName>Ewro</displayName>
			</currency>
			<currency type="GBP">
				<displayName>Punt Sterling Prydain</displayName>
			</currency>
			<currency type="INR">
				<displayName>Rwpî India</displayName>
			</currency>
			<currency type="JPY">
				<displayName>Yen Siapan</displayName>
			</currency>
			<currency type="RUB">
				<displayName>Rwbl Rwsia</displayName>
			</currency>
			<currency type="USD">
				<displayName>Doler yr UDA</displayName>
			</currency>
		</currencies>
	</numbers>
</ldml>

