<?xml version="1.0" encoding="UTF-8" ?>
<!DOCTYPE ldml SYSTEM "../../common/dtd/ldml.dtd">
<ldml>
	<identity>
		<version number="$Revision: 5095 $"/>
		<generation date="$Date: 2010-10-13 15:29:21 -0500 (Wed, 13 Oct 2010) $"/>
		<language type="eu"/>
	</identity>
	<fallback/>
	<localeDisplayNames>
		<localeDisplayPattern>
			<localePattern>{0} ({1})</localePattern>
			<localeSeparator>, </localeSeparator>
		</localeDisplayPattern>
		<languages>
			<language type="af">afrikaans</language>
			<language type="am">amharikera</language>
			<language type="ar">arabiera</language>
			<language type="as">assamera</language>
			<language type="az">azerbaijanera</language>
			<language type="be">bielorrusiera</language>
			<language type="bg">bulgariera</language>
			<language type="bh">bihariera</language>
			<language type="bn">bengalera</language>
			<language type="bo">tibetera</language>
			<language type="br">bretoiera</language>
			<language type="bs">bosniera</language>
			<language type="ca">katalana</language>
			<language type="cs">txekiera</language>
			<language type="cy">galesera</language>
			<language type="da">daniera</language>
			<language type="de">alemana</language>
			<language type="de_AT">alemana (Austria)</language>
			<language type="el">greziera</language>
			<language type="en">ingelesa</language>
			<language type="en_AU">ingelesa (Australia)</language>
			<language type="en_CA">ingelesa (Kanada)</language>
			<language type="en_GB">ingelesa (Erresuma Batua)</language>
			<language type="en_US">ingelesa (AEB)</language>
			<language type="eo">esperantoa</language>
			<language type="es">gaztelania</language>
			<language type="et">estoniera</language>
			<language type="eu">euskara</language>
			<language type="fa">pertsiera</language>
			<language type="fi">finlandiera</language>
			<language type="fj">fijiera</language>
			<language type="fil">tagalo</language>
			<language type="fo">faroera</language>
			<language type="fr">frantsesa</language>
			<language type="fr_CA">frantsesa (Kanada)</language>
			<language type="fr_CH">frantsesa (Suitza)</language>
			<language type="fy">frisiera</language>
			<language type="ga">gaelikoa</language>
			<language type="gd">eskoziako gaelikoa</language>
			<language type="gl">galiziera</language>
			<language type="gn">guaraniera</language>
			<language type="gsw">alemana (Suitza)</language>
			<language type="gu">gujaratera</language>
			<language type="haw">hawaiiera</language>
			<language type="he">hebreera</language>
			<language type="hi">hindia</language>
			<language type="hr">kroaziera</language>
			<language type="ht">haitiera</language>
			<language type="hu">hungariera</language>
			<language type="hy">armeniera</language>
			<language type="ia">interlingua</language>
			<language type="id">indonesiera</language>
			<language type="ie">interlingue</language>
			<language type="is">islandiera</language>
			<language type="it">italiera</language>
			<language type="ja">japoniera</language>
			<language type="jv">javera</language>
			<language type="ka">georgiera</language>
			<language type="kk">kazakhera</language>
			<language type="km">khemerera</language>
			<language type="kn">kannada</language>
			<language type="ko">koreera</language>
			<language type="ku">kurduera</language>
			<language type="ky">kirgizera</language>
			<language type="la">latina</language>
			<language type="lb">luxenburgera</language>
			<language type="ln">lingala</language>
			<language type="lo">laosera</language>
			<language type="lt">lituaniera</language>
			<language type="lv">letoniera</language>
			<language type="mi">maoriera</language>
			<language type="mk">mazedoniera</language>
			<language type="ml">malayalamera</language>
			<language type="mn">mongoliera</language>
			<language type="mr">marathera</language>
			<language type="ms">malaysiera</language>
			<language type="mt">maltera</language>
			<language type="mul">Hizkuntza Anitzak</language>
			<language type="ne">nepalera</language>
			<language type="nl">nederlandera</language>
			<language type="nl_BE">flandriera</language>
			<language type="nn">nynorsk norvegiera</language>
			<language type="no">norvegiera</language>
			<language type="oc">okzitaniera</language>
			<language type="or">oriya</language>
			<language type="os">osetiera</language>
			<language type="pa">punjabera</language>
			<language type="pl">poloniera</language>
			<language type="ps">paxtuera</language>
			<language type="pt">portugesa</language>
			<language type="pt_BR">portugesa (Brasil)</language>
			<language type="pt_PT">portugesa (Potugal)</language>
			<language type="ro">errumaniera</language>
			<language type="ru">errusiera</language>
			<language type="sa">sanskritoa</language>
			<language type="sd">sindhia</language>
			<language type="se">Iparraldeko samiera</language>
			<language type="sh">serbokroaziera</language>
			<language type="si">sinhala</language>
			<language type="sk">eslovakiera</language>
			<language type="sl">esloveniera</language>
			<language type="so">somaliera</language>
			<language type="sq">albaniera</language>
			<language type="sr">serbiera</language>
			<language type="st">hegoaldeko sothoera</language>
			<language type="su">sundanera</language>
			<language type="sv">suediera</language>
			<language type="sw">swahili</language>
			<language type="swb">swb</language>
			<language type="ta">tamilera</language>
			<language type="te">telugua</language>
			<language type="tg">tajikistanera</language>
			<language type="th">thailandiera</language>
			<language type="ti">tigrinya</language>
			<language type="tk">turkmeniera</language>
			<language type="tl">tagalog</language>
			<language type="tlh">klingonera</language>
			<language type="tr">turkiera</language>
			<language type="tw">twia</language>
			<language type="ty">tahitiera</language>
			<language type="ug">uigurrera</language>
			<language type="uk">ukrainera</language>
			<language type="ur">urdu</language>
			<language type="uz">uzbekera</language>
			<language type="vi">vietnamera</language>
			<language type="xh">xhosa</language>
			<language type="yi">yiddishera</language>
			<language type="yue">yue</language>
			<language type="zh">txinera</language>
			<language type="zh_Hans">txinera (soildua)</language>
			<language type="zh_Hant">txinera (tradizionala)</language>
			<language type="zu">zuluera</language>
		</languages>
		<territories>
			<territory type="002">Afrika</territory>
			<territory type="019">Amerika</territory>
			<territory type="029">Karibea</territory>
			<territory type="053">Australia eta Zeelanda Berria</territory>
			<territory type="150">Europa</territory>
			<territory type="419">Latinoamerika</territory>
			<territory type="AC">Ascension Uhartea</territory>
			<territory type="AD">Andorra</territory>
			<territory type="AE">Arabiar Emirrerri Batuak</territory>
			<territory type="AF">Afganistan</territory>
			<territory type="AG">Antigua eta Barbuda</territory>
			<territory type="AI">Angila</territory>
			<territory type="AL">Albania</territory>
			<territory type="AM">Armenia</territory>
			<territory type="AN">Holandarren Antillak</territory>
			<territory type="AO">Angola</territory>
			<territory type="AQ">Antartika</territory>
			<territory type="AR">Argentina</territory>
			<territory type="AS">Amerikar Samoa</territory>
			<territory type="AT">Austria</territory>
			<territory type="AU">Australia</territory>
			<territory type="AX">Aland Uharteak</territory>
			<territory type="AZ">Azerbaijan</territory>
			<territory type="BA">Bosnia-Herzegovina</territory>
			<territory type="BD">Bangladesh</territory>
			<territory type="BE">Belgika</territory>
			<territory type="BF">Burkina Faso</territory>
			<territory type="BG">Bulgaria</territory>
			<territory type="BI">Burundi</territory>
			<territory type="BJ">Benin</territory>
			<territory type="BO">Bolibia</territory>
			<territory type="BR">Brasil</territory>
			<territory type="BS">Bahamak</territory>
			<territory type="BT">Bhutan</territory>
			<territory type="BV">Bouvet Uhartea</territory>
			<territory type="BW">Botswana</territory>
			<territory type="BY">Bielorrusia</territory>
			<territory type="CA">Kanada</territory>
			<territory type="CC">Cocos uharteak</territory>
			<territory type="CD">Kongoko Errepublika Demokratikoa</territory>
			<territory type="CD" alt="variant">Kongo [KED]</territory>
			<territory type="CF">Afrika Erdiko Errepublika</territory>
			<territory type="CG">Kongo</territory>
			<territory type="CG" alt="variant">Kongo [errepublika]</territory>
			<territory type="CH">Suitza</territory>
			<territory type="CI">Boli Kosta</territory>
			<territory type="CI" alt="variant">BK</territory>
			<territory type="CK">Cook uharteak</territory>
			<territory type="CL">Txile</territory>
			<territory type="CM">Kamerun</territory>
			<territory type="CN">Txina</territory>
			<territory type="CO">Kolonbia</territory>
			<territory type="CP">CP</territory>
			<territory type="CS">Serbia eta Montenegro</territory>
			<territory type="CU">Kuba</territory>
			<territory type="CV">Cabo Verde</territory>
			<territory type="CX">Christmas uhartea</territory>
			<territory type="CY">Zipre</territory>
			<territory type="CZ">Txekiar errepublika</territory>
			<territory type="DE">Alemania</territory>
			<territory type="DG">DG</territory>
			<territory type="DJ">Djibuti</territory>
			<territory type="DK">Danimarka</territory>
			<territory type="DM">Dominika</territory>
			<territory type="DO">Dominikar Errepublika</territory>
			<territory type="DZ">Aljeria</territory>
			<territory type="EA">Ceuta eta Melilla</territory>
			<territory type="EC">Ekuador</territory>
			<territory type="EE">Estonia</territory>
			<territory type="EG">Egipto</territory>
			<territory type="EH">Mendebaldeko Sahara</territory>
			<territory type="ER">Eritrea</territory>
			<territory type="ES">Espainia</territory>
			<territory type="ET">Etiopia</territory>
			<territory type="FI">Finlandia</territory>
			<territory type="FK">Malvinak</territory>
			<territory type="FK" alt="variant">FK</territory>
			<territory type="FM">Mikronesia</territory>
			<territory type="FO">Faroe Uharteak</territory>
			<territory type="FR">Frantzia</territory>
			<territory type="GA">Gabon</territory>
			<territory type="GB">Erresuma Batua</territory>
			<territory type="GE">Georgia</territory>
			<territory type="GF">Guyana Frantsesa</territory>
			<territory type="GG">Guernsey</territory>
			<territory type="GH">Ghana</territory>
			<territory type="GI">Gibraltar</territory>
			<territory type="GL">Groenlandia</territory>
			<territory type="GM">Gambia</territory>
			<territory type="GN">Ginea</territory>
			<territory type="GP">Guadalupe</territory>
			<territory type="GQ">Ekuatore Ginea</territory>
			<territory type="GR">Grezia</territory>
			<territory type="GS">Hegoaldeko Georgia eta Hegoaldeko Sandwich uharteak</territory>
			<territory type="GW">Ginea-Bissau</territory>
			<territory type="HK">HK</territory>
			<territory type="HM">Heard eta McDonald Uharteak</territory>
			<territory type="HN">Honduras</territory>
			<territory type="HR">Kroazia</territory>
			<territory type="HT">Haiti</territory>
			<territory type="HU">Hungaria</territory>
			<territory type="IC">Kanariak</territory>
			<territory type="ID">Indonesia</territory>
			<territory type="IE">Irlanda</territory>
			<territory type="IL">Israel</territory>
			<territory type="IM">Man uhartea</territory>
			<territory type="IN">India</territory>
			<territory type="IO">Indiako Ozeanoko Britainiar Lurraldea</territory>
			<territory type="IQ">Irak</territory>
			<territory type="IR">Iran</territory>
			<territory type="IS">Islandia</territory>
			<territory type="IT">Italia</territory>
			<territory type="JE">Jersey</territory>
			<territory type="JM">Jamaika</territory>
			<territory type="JO">Jordania</territory>
			<territory type="JP">Japonia</territory>
			<territory type="KE">Kenia</territory>
			<territory type="KG">Kirgizistan</territory>
			<territory type="KH">Kanbodia</territory>
			<territory type="KI">Kiribati</territory>
			<territory type="KM">Komoreak</territory>
			<territory type="KN">Saint Kitts eta Nevis</territory>
			<territory type="KP">Ipar Korea</territory>
			<territory type="KR">Hego Korea</territory>
			<territory type="KY">Kaiman Uharteak</territory>
			<territory type="KZ">Kazakhstan</territory>
			<territory type="LA">Laos</territory>
			<territory type="LB">Libano</territory>
			<territory type="LC">Santa Luzia</territory>
			<territory type="LI">Liechtenstein</territory>
			<territory type="LK">Sri Lanka</territory>
			<territory type="LR">Liberia</territory>
			<territory type="LS">Lesotho</territory>
			<territory type="LT">Lituania</territory>
			<territory type="LU">Luxenburgo</territory>
			<territory type="LV">Letonia</territory>
			<territory type="LY">Libia</territory>
			<territory type="MA">Maroko</territory>
			<territory type="MC">Monako</territory>
			<territory type="MD">Moldavia</territory>
			<territory type="ME">Montenegro</territory>
			<territory type="MG">Madagaskar</territory>
			<territory type="MH">Marshall uharteak</territory>
			<territory type="MK">Mazedonia</territory>
			<territory type="ML">Mali</territory>
			<territory type="MM">Birmania</territory>
			<territory type="MN">Mongolia</territory>
			<territory type="MO">Makau</territory>
			<territory type="MP">Iparraldeko Mariana uharteak</territory>
			<territory type="MQ">Martinika</territory>
			<territory type="MR">Mauritania</territory>
			<territory type="MU">Maurizio</territory>
			<territory type="MV">Maldivak</territory>
			<territory type="MW">Malawi</territory>
			<territory type="MX">Mexiko</territory>
			<territory type="MY">Malasia</territory>
			<territory type="MZ">Mozambike</territory>
			<territory type="NA">Namibia</territory>
			<territory type="NC">Kaledonia Berria</territory>
			<territory type="NE">Niger</territory>
			<territory type="NF">Norfolk uhartea</territory>
			<territory type="NG">Nigeria</territory>
			<territory type="NI">Nikaragua</territory>
			<territory type="NL">Herbehereak</territory>
			<territory type="NO">Norvegia</territory>
			<territory type="NP">Nepal</territory>
			<territory type="NZ">Zeelanda Berria</territory>
			<territory type="OM">Oman</territory>
			<territory type="PE">Peru</territory>
			<territory type="PF">Polinesia Frantsesa</territory>
			<territory type="PG">Papua Ginea Berria</territory>
			<territory type="PH">Filipinak</territory>
			<territory type="PK">Pakistan</territory>
			<territory type="PL">Polonia</territory>
			<territory type="PM">Saint-Pierre eta Mikelune</territory>
			<territory type="PS">Palestina</territory>
			<territory type="PT">Portugal</territory>
			<territory type="PY">Paraguai</territory>
			<territory type="QA">Katar</territory>
			<territory type="RO">Errumania</territory>
			<territory type="RS">Serbia</territory>
			<territory type="RU">Errusia</territory>
			<territory type="RW">Ruanda</territory>
			<territory type="SA">Saudi Arabia</territory>
			<territory type="SB">Salomon uharteak</territory>
			<territory type="SC">Seychelleak</territory>
			<territory type="SD">Sudan</territory>
			<territory type="SE">Suedia</territory>
			<territory type="SG">Singapur</territory>
			<territory type="SH">Saint Helena</territory>
			<territory type="SI">Eslovenia</territory>
			<territory type="SJ">Svalbard eta Jan Mayen uharteak</territory>
			<territory type="SK">Eslovakia</territory>
			<territory type="SL">Sierra Leona</territory>
			<territory type="SM">San Marino</territory>
			<territory type="SN">Senegal</territory>
			<territory type="SO">Somalia</territory>
			<territory type="SR">Surinam</territory>
			<territory type="ST">Sao Tomé eta Principe</territory>
			<territory type="SV">El Salvador</territory>
			<territory type="SY">Siria</territory>
			<territory type="SZ">Swazilandia</territory>
			<territory type="TA">TA</territory>
			<territory type="TC">Turk eta Caicos uharteak</territory>
			<territory type="TD">Txad</territory>
			<territory type="TF">Frantziaren Lurralde Australak</territory>
			<territory type="TG">Togo</territory>
			<territory type="TH">Tailandia</territory>
			<territory type="TJ">Tadjikistan</territory>
			<territory type="TK">Tokelau</territory>
			<territory type="TL">Ekialdeko Timor</territory>
			<territory type="TM">Turkmenistan</territory>
			<territory type="TN">Tunisia</territory>
			<territory type="TO">Tonga</territory>
			<territory type="TR">Turkia</territory>
			<territory type="TT">Trinidad eta Tobago</territory>
			<territory type="TV">Tuvalu</territory>
			<territory type="TW">Taiwan</territory>
			<territory type="TZ">Tanzania</territory>
			<territory type="UA">Ukraina</territory>
			<territory type="UG">Uganda</territory>
			<territory type="UM">Estatu Batuetatik urruti dauden uharte txikiak</territory>
			<territory type="US">Ameriketako Estatu Batuak</territory>
			<territory type="UY">Uruguai</territory>
			<territory type="UZ">Uzbekistan</territory>
			<territory type="VA">Vatikano Hiria</territory>
			<territory type="VC">Saint Vincent eta Grenadinak</territory>
			<territory type="VE">Venezuela</territory>
			<territory type="VG">Birjina uharte britainiarrak</territory>
			<territory type="VI">Birjina uharte amerikarrak</territory>
			<territory type="VN">Vietnam</territory>
			<territory type="VU">Vanuatu</territory>
			<territory type="WF">Wallis eta Futuna</territory>
			<territory type="WS">Samoa</territory>
			<territory type="YE">Yemen</territory>
			<territory type="ZA">Hegoafrika</territory>
			<territory type="ZM">Zambia</territory>
			<territory type="ZW">Zimbabwe</territory>
			<territory type="ZZ">ZZ</territory>
		</territories>
		<variants>
			<variant type="POLYTON">POLITON</variant>
			<variant type="REVISED">BERRIKUSIA</variant>
			<variant type="SAAHO">SAHO</variant>
			<variant type="SCOTLAND">ESKOZIAR INGELESA</variant>
			<variant type="VALENCIA">VALENTZIERA</variant>
		</variants>
		<keys>
			<key type="calendar">egutegia</key>
			<key type="collation">alfabetoa</key>
			<key type="currency">moneta</key>
		</keys>
		<types>
			<type type="big5han" key="collation">Txinera tradizionalaren alfabetoa-Big5</type>
			<type type="buddhist" key="calendar">egutegi budista</type>
			<type type="chinese" key="calendar">txinatar egutegia</type>
			<type type="direct" key="collation">Zuzena</type>
			<type type="gb2312han" key="collation">Txinera sinplifikatuaren alfabetoa -GB2312</type>
			<type type="gregorian" key="calendar">egutegi gregoriarra</type>
			<type type="hebrew" key="calendar">hebrear egutegia</type>
			<type type="indian" key="calendar">indiar egutegia</type>
			<type type="islamic" key="calendar">islamiar egutegia</type>
			<type type="islamic-civil" key="calendar">islamiar egutegi zibila</type>
			<type type="japanese" key="calendar">japoniar egutegia</type>
			<type type="phonebook" key="collation">Telefonoen zerrenda</type>
			<type type="roc" key="calendar">Txinako Errepublikako egutegia</type>
			<type type="traditional" key="collation">Tradizionala</type>
		</types>
		<measurementSystemNames>
			<measurementSystemName type="metric">Metriko</measurementSystemName>
			<measurementSystemName type="US">US</measurementSystemName>
		</measurementSystemNames>
		<codePatterns>
			<codePattern type="language">{0}</codePattern>
			<codePattern type="script">{0}</codePattern>
			<codePattern type="territory">{0}</codePattern>
		</codePatterns>
	</localeDisplayNames>
	<characters>
		<exemplarCharacters>[a b c ç d e f g h i j k l m n ñ o p q r s t u v w x y z]</exemplarCharacters>
		<exemplarCharacters type="auxiliary">[]</exemplarCharacters>
		<exemplarCharacters type="currencySymbol">[a b c d e f g h i j k l m n o p q r s t u v w x y z]</exemplarCharacters>
		<exemplarCharacters type="index">[A B C D E F G H I J K L M N O P Q R S T U V W X Y Z]</exemplarCharacters>
	</characters>
	<delimiters>
		<quotationStart>“</quotationStart>
		<quotationEnd>”</quotationEnd>
		<alternateQuotationStart>‘</alternateQuotationStart>
		<alternateQuotationEnd>’</alternateQuotationEnd>
	</delimiters>
	<dates>
		<calendars>
			<calendar type="buddhist">
				<eras>
					<eraAbbr>
						<era type="0">BG</era>
					</eraAbbr>
				</eras>
			</calendar>
			<calendar type="gregorian">
				<months>
					<monthContext type="format">
						<monthWidth type="abbreviated">
							<month type="1">urt</month>
							<month type="2">ots</month>
							<month type="3">mar</month>
							<month type="4">api</month>
							<month type="5">mai</month>
							<month type="6">eka</month>
							<month type="7">uzt</month>
							<month type="8">abu</month>
							<month type="9">ira</month>
							<month type="10">urr</month>
							<month type="11">aza</month>
							<month type="12">abe</month>
						</monthWidth>
						<monthWidth type="wide">
							<month type="1">urtarrila</month>
							<month type="2">otsaila</month>
							<month type="3">martxoa</month>
							<month type="4">apirila</month>
							<month type="5">maiatza</month>
							<month type="6">ekaina</month>
							<month type="7">uztaila</month>
							<month type="8">abuztua</month>
							<month type="9">iraila</month>
							<month type="10">urria</month>
							<month type="11">azaroa</month>
							<month type="12">abendua</month>
						</monthWidth>
					</monthContext>
					<monthContext type="stand-alone">
						<monthWidth type="narrow">
							<month type="1">U</month>
							<month type="2">O</month>
							<month type="3">M</month>
							<month type="4">A</month>
							<month type="5">M</month>
							<month type="6">E</month>
							<month type="7">U</month>
							<month type="8">A</month>
							<month type="9">I</month>
							<month type="10">U</month>
							<month type="11">A</month>
							<month type="12">A</month>
						</monthWidth>
					</monthContext>
				</months>
				<days>
					<dayContext type="format">
						<dayWidth type="abbreviated">
							<day type="sun">ig</day>
							<day type="mon">al</day>
							<day type="tue">as</day>
							<day type="wed">az</day>
							<day type="thu">og</day>
							<day type="fri">or</day>
							<day type="sat">lr</day>
						</dayWidth>
						<dayWidth type="wide">
							<day type="sun">igandea</day>
							<day type="mon">astelehena</day>
							<day type="tue">asteartea</day>
							<day type="wed">asteazkena</day>
							<day type="thu">osteguna</day>
							<day type="fri">ostirala</day>
							<day type="sat">larunbata</day>
						</dayWidth>
					</dayContext>
				</days>
				<quarters>
					<quarterContext type="format">
						<quarterWidth type="abbreviated">
							<quarter type="1">1Hh</quarter>
							<quarter type="2">2Hh</quarter>
							<quarter type="3">3Hh</quarter>
							<quarter type="4">4Hh</quarter>
						</quarterWidth>
						<quarterWidth type="wide">
							<quarter type="1">1. hiruhilekoa</quarter>
							<quarter type="2">2. hiruhilekoa</quarter>
							<quarter type="3">3. hiruhilekoa</quarter>
							<quarter type="4">4. hiruhilekoa</quarter>
						</quarterWidth>
					</quarterContext>
				</quarters>
				<dateFormats>
					<dateFormatLength type="full">
						<dateFormat>
							<pattern>EEEE, y'eko' MMMM'ren' dd'a'</pattern>
						</dateFormat>
					</dateFormatLength>
					<dateFormatLength type="long">
						<dateFormat>
							<pattern>y'eko' MMM'ren' dd'a'</pattern>
						</dateFormat>
					</dateFormatLength>
					<dateFormatLength type="medium">
						<dateFormat>
							<pattern>y MMM d</pattern>
						</dateFormat>
					</dateFormatLength>
					<dateFormatLength type="short">
						<dateFormat>
							<pattern>yyyy-MM-dd</pattern>
						</dateFormat>
					</dateFormatLength>
				</dateFormats>
				<timeFormats>
					<timeFormatLength type="full">
						<timeFormat>
							<pattern>HH:mm:ss zzzz</pattern>
						</timeFormat>
					</timeFormatLength>
					<timeFormatLength type="long">
						<timeFormat>
							<pattern>HH:mm:ss z</pattern>
						</timeFormat>
					</timeFormatLength>
					<timeFormatLength type="medium">
						<timeFormat>
							<pattern>HH:mm:ss</pattern>
						</timeFormat>
					</timeFormatLength>
					<timeFormatLength type="short">
						<timeFormat>
							<pattern>HH:mm</pattern>
						</timeFormat>
					</timeFormatLength>
				</timeFormats>
				<dateTimeFormats>
					<availableFormats>
						<dateFormatItem id="d">d</dateFormatItem>
						<dateFormatItem id="yyQ">Q yy</dateFormatItem>
					</availableFormats>
				</dateTimeFormats>
				<fields>
					<field type="day">
						<relative type="-1" draft="unconfirmed">Atzo</relative>
						<relative type="0">Gaur</relative>
						<relative type="1">Bihar</relative>
					</field>
				</fields>
			</calendar>
			<calendar type="roc">
				<eras>
					<eraAbbr>
						<era type="0">R.O.C. aurretik</era>
						<era type="1">R.O.C.</era>
					</eraAbbr>
				</eras>
			</calendar>
		</calendars>
		<timeZoneNames>
			<hourFormat>+HH:mm;-HH:mm</hourFormat>
			<gmtFormat>GMT{0}</gmtFormat>
			<fallbackFormat>{1} ({0})</fallbackFormat>
			<zone type="Etc/Unknown">
				<exemplarCity>Ezezaguna</exemplarCity>
			</zone>
			<zone type="Asia/Bahrain">
				<exemplarCity draft="unconfirmed">Bahrein</exemplarCity>
			</zone>
			<zone type="Atlantic/Bermuda">
				<exemplarCity draft="unconfirmed">Bermudak</exemplarCity>
			</zone>
			<zone type="Atlantic/Cape_Verde">
				<exemplarCity draft="unconfirmed">Cabo Verde</exemplarCity>
			</zone>
			<zone type="Africa/Djibouti">
				<exemplarCity draft="unconfirmed">Djibuti</exemplarCity>
			</zone>
			<zone type="America/Dominica">
				<exemplarCity draft="unconfirmed">Dominika</exemplarCity>
			</zone>
			<zone type="Atlantic/Canary">
				<exemplarCity>Espainia (Kanariak)</exemplarCity>
			</zone>
			<zone type="Europe/Madrid">
				<exemplarCity draft="unconfirmed">Madril</exemplarCity>
			</zone>
			<zone type="America/Guadeloupe">
				<exemplarCity draft="unconfirmed">Guadalupe</exemplarCity>
			</zone>
			<zone type="America/Jamaica">
				<exemplarCity draft="unconfirmed">Jamaika</exemplarCity>
			</zone>
			<zone type="Europe/Luxembourg">
				<exemplarCity draft="unconfirmed">Luxenburgo</exemplarCity>
			</zone>
			<zone type="Europe/Monaco">
				<exemplarCity draft="unconfirmed">Monako</exemplarCity>
			</zone>
			<zone type="America/Martinique">
				<exemplarCity draft="unconfirmed">Martinika</exemplarCity>
			</zone>
			<zone type="Indian/Mauritius">
				<exemplarCity draft="unconfirmed">Maurizio</exemplarCity>
			</zone>
			<zone type="Indian/Maldives">
				<exemplarCity draft="unconfirmed">Maldivak</exemplarCity>
			</zone>
			<zone type="Asia/Singapore">
				<exemplarCity draft="unconfirmed">Singapur</exemplarCity>
			</zone>
			<zone type="America/North_Dakota/Center">
				<exemplarCity>Ameriketako Estatu Batuak (Erdialdea, Ipar Dakota)</exemplarCity>
			</zone>
			<metazone type="Europe_Central">
				<commonlyUsed>true</commonlyUsed>
			</metazone>
			<metazone type="Europe_Eastern">
				<commonlyUsed>true</commonlyUsed>
			</metazone>
			<metazone type="Europe_Western">
				<commonlyUsed>true</commonlyUsed>
			</metazone>
			<metazone type="GMT">
				<commonlyUsed>true</commonlyUsed>
			</metazone>
		</timeZoneNames>
	</dates>
	<numbers>
		<symbols>
			<decimal>,</decimal>
			<group>.</group>
			<list>;</list>
			<percentSign>%</percentSign>
			<nativeZeroDigit>0</nativeZeroDigit>
			<patternDigit>#</patternDigit>
			<plusSign>+</plusSign>
			<minusSign>-</minusSign>
			<exponential>E</exponential>
			<perMille>‰</perMille>
			<infinity>∞</infinity>
			<nan>NaN</nan>
		</symbols>
		<decimalFormats>
			<decimalFormatLength>
				<decimalFormat>
					<pattern>#,##0.###</pattern>
				</decimalFormat>
			</decimalFormatLength>
		</decimalFormats>
		<scientificFormats>
			<scientificFormatLength>
				<scientificFormat>
					<pattern>#E0</pattern>
				</scientificFormat>
			</scientificFormatLength>
		</scientificFormats>
		<currencyFormats>
			<currencyFormatLength>
				<currencyFormat>
					<pattern>#,##0.00 ¤</pattern>
				</currencyFormat>
			</currencyFormatLength>
			<unitPattern count="one">{0}{1}</unitPattern>
			<unitPattern count="other">{0} {1}</unitPattern>
		</currencyFormats>
		<currencies>
			<currency type="ESP">
				<pattern>¤ #,##0;-¤ #,##0</pattern>
				<symbol>₧</symbol>
				<decimal>,</decimal>
				<group>.</group>
			</currency>
		</currencies>
	</numbers>
	<units>
		<unit type="day">
			<unitPattern count="one">{0} eguna</unitPattern>
			<unitPattern count="other">{0} egun</unitPattern>
		</unit>
		<unit type="hour">
			<unitPattern count="one">{0} ordua</unitPattern>
			<unitPattern count="other">{0} h</unitPattern>
		</unit>
		<unit type="minute">
			<unitPattern count="one">{0} minutu</unitPattern>
			<unitPattern count="other">{0} minutu</unitPattern>
		</unit>
		<unit type="month">
			<unitPattern count="one">{0} hilea</unitPattern>
		</unit>
		<unit type="second">
			<unitPattern count="one">{0} segundo</unitPattern>
			<unitPattern count="other">{0} s</unitPattern>
		</unit>
		<unit type="week">
			<unitPattern count="one">{0} aste</unitPattern>
			<unitPattern count="other">{0} aste</unitPattern>
		</unit>
		<unit type="year">
			<unitPattern count="one">{0} urtea</unitPattern>
			<unitPattern count="other">{0} urte</unitPattern>
		</unit>
	</units>
	<posix>
		<messages>
			<yesstr>bai:b</yesstr>
			<nostr>ez:e</nostr>
		</messages>
	</posix>
</ldml>

