<?xml version="1.0" encoding="UTF-8" ?>
<!DOCTYPE ldml SYSTEM "../../common/dtd/ldml.dtd">
<ldml>
	<identity>
		<version number="$Revision: 4763 $"/>
		<generation date="$Date: 2010-02-27 01:03:37 -0600 (Sat, 27 Feb 2010) $"/>
		<language type="kfo"/>
	</identity>
	<characters>
		<exemplarCharacters draft="unconfirmed">[a ā b c d e ē f g {gb} h i j k {kh} l m n o p {pk} r s t u w y z]</exemplarCharacters>
		<exemplarCharacters type="index" draft="unconfirmed">[A B C D E F G H I J K L M N O P Q R S T U V W X Y Z]</exemplarCharacters>
	</characters>
	<dates>
		<calendars>
			<calendar type="gregorian">
				<months>
					<monthContext type="format">
						<monthWidth type="abbreviated">
							<month type="1" draft="unconfirmed">Wey</month>
							<month type="2" draft="unconfirmed">Fan</month>
							<month type="3" draft="unconfirmed">Tat</month>
							<month type="4" draft="unconfirmed">Nan</month>
							<month type="5" draft="unconfirmed">Tuy</month>
							<month type="6" draft="unconfirmed">Tso</month>
							<month type="7" draft="unconfirmed">Taf</month>
							<month type="8" draft="unconfirmed">War</month>
							<month type="9" draft="unconfirmed">Kun</month>
							<month type="10" draft="unconfirmed">Ban</month>
							<month type="11" draft="unconfirmed">Kom</month>
							<month type="12" draft="unconfirmed">Sau</month>
						</monthWidth>
						<monthWidth type="wide">
							<month type="1" draft="unconfirmed">Fai Weyene</month>
							<month type="2" draft="unconfirmed">Fai Fani</month>
							<month type="3" draft="unconfirmed">Fai Tataka</month>
							<month type="4" draft="unconfirmed">Fai Nangra</month>
							<month type="5" draft="unconfirmed">Fai Tuyo</month>
							<month type="6" draft="unconfirmed">Fai Tsoyi</month>
							<month type="7" draft="unconfirmed">Fai Tafaka</month>
							<month type="8" draft="unconfirmed">Fai Warachi</month>
							<month type="9" draft="unconfirmed">Fai Kunobok</month>
							<month type="10" draft="unconfirmed">Fai Bansok</month>
							<month type="11" draft="unconfirmed">Fai Kom</month>
							<month type="12" draft="unconfirmed">Fai Sauk</month>
						</monthWidth>
					</monthContext>
				</months>
				<days>
					<dayContext type="format">
						<dayWidth type="abbreviated">
							<day type="sun" draft="unconfirmed">Lah</day>
							<day type="mon" draft="unconfirmed">Kub</day>
							<day type="tue" draft="unconfirmed">Gba</day>
							<day type="wed" draft="unconfirmed">Tan</day>
							<day type="thu" draft="unconfirmed">Yei</day>
							<day type="fri" draft="unconfirmed">Koy</day>
							<day type="sat" draft="unconfirmed">Sat</day>
						</dayWidth>
						<dayWidth type="wide">
							<day type="sun" draft="unconfirmed">Lahadi</day>
							<day type="mon" draft="unconfirmed">Je-Kubacha</day>
							<day type="tue" draft="unconfirmed">Je-Gbai</day>
							<day type="wed" draft="unconfirmed">Tansati</day>
							<day type="thu" draft="unconfirmed">Je-Yei</day>
							<day type="fri" draft="unconfirmed">Je-Koye</day>
							<day type="sat" draft="unconfirmed">Sati</day>
						</dayWidth>
					</dayContext>
				</days>
				<eras>
					<eraNames>
						<era type="0" draft="unconfirmed">Kafi Mar Wenom</era>
						<era type="1" draft="unconfirmed">Bayan Chi Wenom</era>
					</eraNames>
					<eraAbbr>
						<era type="0" draft="unconfirmed">KMW</era>
						<era type="1" draft="unconfirmed">BCW</era>
					</eraAbbr>
				</eras>
				<dateFormats>
					<dateFormatLength type="full">
						<dateFormat>
							<pattern draft="unconfirmed">EEEE, y MMMM dd</pattern>
						</dateFormat>
					</dateFormatLength>
					<dateFormatLength type="long">
						<dateFormat>
							<pattern draft="unconfirmed">y MMMM d</pattern>
						</dateFormat>
					</dateFormatLength>
					<dateFormatLength type="medium">
						<dateFormat>
							<pattern draft="unconfirmed">y MMM d</pattern>
						</dateFormat>
					</dateFormatLength>
					<dateFormatLength type="short">
						<dateFormat>
							<pattern draft="unconfirmed">yy/MM/dd</pattern>
						</dateFormat>
					</dateFormatLength>
				</dateFormats>
				<timeFormats>
					<timeFormatLength type="full">
						<timeFormat>
							<pattern draft="unconfirmed">HH:mm:ss zzzz</pattern>
						</timeFormat>
					</timeFormatLength>
					<timeFormatLength type="long">
						<timeFormat>
							<pattern draft="unconfirmed">HH:mm:ss z</pattern>
						</timeFormat>
					</timeFormatLength>
					<timeFormatLength type="medium">
						<timeFormat>
							<pattern draft="unconfirmed">HH:mm:ss</pattern>
						</timeFormat>
					</timeFormatLength>
					<timeFormatLength type="short">
						<timeFormat>
							<pattern draft="unconfirmed">HH:mm</pattern>
						</timeFormat>
					</timeFormatLength>
				</timeFormats>
			</calendar>
		</calendars>
	</dates>
	<numbers>
		<currencies>
			<currency type="NGN">
				<displayName draft="unconfirmed">Neira</displayName>
			</currency>
		</currencies>
	</numbers>
</ldml>

