<?xml version="1.0" encoding="UTF-8" ?>
<!DOCTYPE ldmlBCP47 SYSTEM "../../common/dtd/ldmlBCP47.dtd">

<ldmlBCP47>
    <version number="$Revision: 5004 $"/>
    <generation date="$Date: 2010-08-05 09:58:29 -0500 (Thu, 05 Aug 2010) $"/>
    <keyword>
        <key name="nu" alias="numbers">
            <type name="arab"/>
            <type name="arabext"/>
            <type name="armn"/>
            <type name="armnlow"/>
            <type name="beng"/>
            <type name="deva"/>
            <type name="ethi"/>
            <type name="fullwide"/>
            <type name="geor"/>
            <type name="grek"/>
            <type name="greklow"/>
            <type name="gujr"/>
            <type name="guru"/>
            <type name="hanidec"/>
            <type name="hans"/>
            <type name="hansfin"/>
            <type name="hant"/>
            <type name="hantfin"/>
            <type name="hebr"/>
            <type name="jpan"/>
            <type name="jpanfin"/>
            <type name="khmr"/>
            <type name="knda"/>
            <type name="laoo"/>
            <type name="latn"/>
            <type name="mlym"/>
            <type name="mong"/>
            <type name="mymr"/>
            <type name="orya"/>
            <type name="roman"/>
            <type name="romanlow"/>
            <type name="taml"/>
            <type name="telu"/>
            <type name="thai"/>
            <type name="tibt"/>
        </key>
    </keyword>
</ldmlBCP47>
