<?xml version="1.0" encoding="UTF-8" ?>
<!DOCTYPE ldml SYSTEM "../../common/dtd/ldml.dtd">
<ldml>
	<identity>
		<version number="$Revision: 5091 $"/>
		<generation date="$Date: 2010-10-12 19:56:22 -0500 (Tue, 12 Oct 2010) $"/>
		<language type="ar" /> 
	</identity>
		<collations  validSubLocales="ar_AE ar_BH ar_DZ ar_EG ar_IQ ar_JO ar_KW ar_LB ar_LY ar_MA ar_OM ar_QA ar_SA ar_SD ar_SY ar_TN ar_YE">
			<collation type="standard" >
				<rules>
					<reset>ت</reset>
					<s>ة</s>
					<t>ﺔ</t>
					<t>ﺓ</t>
					<reset>ي</reset>
					<s>ى</s>
					<t>ﯨ</t>
					<t>ﯩ</t>
					<t>ﻰ</t>
					<t>ﻯ</t>
					<t>ﲐ</t>
					<t>ﱝ</t>
				</rules>
			</collation  >
		</collations>
</ldml>
