<?xml version="1.0" encoding="UTF-8" ?>
<!DOCTYPE ldml SYSTEM "../../common/dtd/ldml.dtd">
<ldml>
	<identity>
		<version number="$Revision: 5097 $"/>
		<generation date="$Date: 2010-10-14 01:15:01 -0500 (Thu, 14 Oct 2010) $"/>
		<language type="az" /> 
	</identity>
		<collations validSubLocales="az_Latn az_Latn_AZ">
			<collation type="search" >
				<settings normalization="on"/>
				<suppress_contractions>[เ-ไ ເ-ໄ]</suppress_contractions>
				<rules>
					<reset>ا</reset>
						<s>آ</s>
						<s>أ</s>
						<s>إ</s>
					<reset>و</reset>
						<s>ؤ</s>
					<reset>ي</reset>
						<s>ئ</s>
						<s>ى</s>
					<reset>ه</reset>
						<s>ة</s>
					<reset><last_primary_ignorable/></reset>
						<s>׳</s>
						<s>״</s>
						<s>ـ</s>
						<s>ٌ</s>
						<s>ٍ</s>
						<s>َ</s>
						<s>ُ</s>
						<s>ِ</s>
						<s>ّ</s>
						<s>ْ</s>
						<s>ฺ</s>
					<!-- Above are the standard root search collator rules. -->
					<!-- Below are the rules specific to az. -->
					<!-- These rules match standard collation below. -->
					<reset>C</reset>
					<p>ç</p>
					<t>Ç</t>
					<reset>G</reset>
					<p>ğ</p>
					<t>Ğ</t>
					<reset before="primary">i</reset>
					<p>ı</p>
					<t>I</t>
					<reset>i</reset>
					<t>İ</t>
					<reset>O</reset>
					<p>ö</p>
					<t>Ö</t>
					<reset>S</reset>
					<p>ş</p>
					<t>Ş</t>
					<reset>U</reset>
					<p>ü</p>
					<t>Ü</t>
					<reset>K</reset>
					<p>q</p>
					<t>Q</t>
					<reset>E</reset>
					<p>ə</p>
					<t>Ə</t>
					<reset>H</reset>
					<p>x</p>
					<t>X</t>
				</rules>
			</collation>
			<collation type="standard" >
				<rules>
					<reset>C</reset>
					<p>ç</p>
					<t>Ç</t>
					<reset>G</reset>
					<p>ğ</p>
					<t>Ğ</t>
					<reset before="primary">i</reset>
					<p>ı</p>
					<t>I</t>
					<reset>i</reset>
					<t>İ</t>
					<reset>O</reset>
					<p>ö</p>
					<t>Ö</t>
					<reset>S</reset>
					<p>ş</p>
					<t>Ş</t>
					<reset>U</reset>
					<p>ü</p>
					<t>Ü</t>
					<reset>K</reset>
					<p>q</p>
					<t>Q</t>
					<reset>E</reset>
					<p>ə</p>
					<t>Ə</t>
					<reset>H</reset>
					<p>x</p>
					<t>X</t>
				</rules>
			</collation>
		</collations>
</ldml>
