<?xml version="1.0" encoding="UTF-8" ?>
<!DOCTYPE ldml SYSTEM "../../common/dtd/ldml.dtd">
<ldml>
	<identity>
		<version number="$Revision: 4975 $"/>
		<generation date="$Date: 2010-06-09 17:36:15 -0500 (Wed, 09 Jun 2010) $"/>
		<language type="bg"/> 
	</identity>
	<collations  validSubLocales="bg_BG">
		<collation type="standard">
			<suppress_contractions>[АаӘәГгЕеЖжЗзІіОоӨөКкУуЧчЫыЭэѴѵ]</suppress_contractions>
			<!--
				List of UCA contractions remaining after suppression:

				Й 0418 0306 CYRILLIC CAPITAL LETTER SHORT I
				й 0438 0306 CYRILLIC SMALL LETTER SHORT I
			-->
		</collation>
	</collations>
</ldml>
