<?xml version="1.0" encoding="UTF-8" ?>
<!DOCTYPE ldml SYSTEM "../../common/dtd/ldml.dtd">
<ldml>
	<identity>
		<version number="$Revision: 4982 $" />
		<generation date="$Date: 2010-06-11 16:42:37 -0500 (Fri, 11 Jun 2010) $" />
		<language type="hi" />
	</identity>
	<collations validSubLocales="hi_IN">
		<collation type="standard"
			references="McGregor: Oxford Hindi-English Dictionary ISBN:019864339X Gatzlaff-Hälsig: Handwörterbuch Hindi-Deutsch ISBN:3875481771 http://www.eki.ee/wgrs/rom1_hi.pdf">
			<settings normalization="on" />
			<rules>
				<!--
					The following tailoring is an adjustment of the DUCET collation
					order for ANUSVARA, CANDRABINDU, and VISARGA. Instead of being
					sorted with secondary weights, they are collated on primary level
					before the independent vowels. CANDRABINDU is secondary different
					from ANUSVARA. This gives a sort order very close to the referenced
					dictionaries. The sort order in the dictionaries, which by the way
					are not exactly the same, require quite extensive tailoring.
				-->
				<reset>ॐ</reset>
				<p>ं</p>
				<s>ँ</s>
				<p>ः</p>
			</rules>
		</collation>
		<collation type="direct">
			<!-- Not sure whether or not we stilll need the direct rules or not.  Leaving them here until we know for sure.
			-->
			<rules>
				<reset><last_non_ignorable/></reset>
				<pc>ँंःअआइईउऊऋऌऍऎएऐऑऒओऔकखगघङचछजझञटठडढणतथदधनऩपफबभमयरऱलळऴवशषसह़ऽािीुूृॄॅॆेैॉॊोौ्ॐ॒॑॓॔क़ख़ग़ज़ड़ढ़फ़य़ॠॡॢॣ।॥०१२३४५६७८९॰</pc>
			</rules>
		</collation>
</collations>
</ldml>
