<?xml version="1.0" encoding="UTF-8" ?>
<!DOCTYPE ldml SYSTEM "../../common/dtd/ldml.dtd">
<ldml>
	<identity>
		<version number="$Revision: 5005 $"/>
		<generation date="$Date: 2010-08-05 10:23:29 -0500 (Thu, 05 Aug 2010) $"/>
		<language type="th" /> 
	</identity>
	<collations validSubLocales="th_TH">
		<collation type="standard" references="ISO/IEC 14651, Annex C, C.2.1 Thai ordering principles">
			<settings normalization="on" />
				<rules>
				<!--
					The following tailoring is an adjustment of the
					DUCET collation order for PAIYANNOI, MAIYAMOK,
					FONGMAN, ANGKHANKHU, KHOMUT, THANTHAKHAT,
					NIKHAHIT, LAKKHANGYAO, and PHINTHU. This gives
					a sort order as defined in the Royal Institute
					Dictionary 2542 B.E. Edition (1999 A.D.).
				-->
				<reset before="primary">๏</reset>
					<p>ฯ</p>
					<p>ๆ</p>
				<reset>๎</reset>
					<s>์</s>
				<reset>ฮ</reset>
					<p>ํ</p>
				<reset>า</reset>
					<t>ๅ</t>
				<reset>ไ</reset>
					<p>ฺ</p>
			</rules>
		</collation>
	</collations>
</ldml>
