<?xml version="1.0" encoding="UTF-8" ?>
<!DOCTYPE ldml SYSTEM "../../common/dtd/ldml.dtd">
<ldml>
	<identity>
		<version number="$Revision: 4767 $"/>
		<generation date="$Date: 2010-02-27 20:54:27 -0600 (Sat, 27 Feb 2010) $"/>
		<language type="en"/>
		<territory type="ZW"/>
	</identity>
	<dates>
		<calendars>
			<calendar type="gregorian">
				<dateFormats>
					<dateFormatLength type="full">
						<dateFormat>
							<pattern>EEEE dd MMMM y</pattern>
						</dateFormat>
					</dateFormatLength>
					<dateFormatLength type="long">
						<dateFormat>
							<pattern>dd MMMM y</pattern>
						</dateFormat>
					</dateFormatLength>
					<dateFormatLength type="medium">
						<dateFormat>
							<pattern>dd MMM,y</pattern>
						</dateFormat>
					</dateFormatLength>
					<dateFormatLength type="short">
						<dateFormat>
							<pattern>d/M/yyyy</pattern>
						</dateFormat>
					</dateFormatLength>
				</dateFormats>
				<dateTimeFormats>
					<intervalFormats>
						<intervalFormatFallback draft="unconfirmed">{0} - {1}</intervalFormatFallback>
						<intervalFormatItem id="d">
							<greatestDifference id="d" draft="unconfirmed">d-d</greatestDifference>
						</intervalFormatItem>
						<intervalFormatItem id="h">
							<greatestDifference id="a" draft="unconfirmed">h a - h a</greatestDifference>
							<greatestDifference id="h" draft="unconfirmed">h-h a</greatestDifference>
						</intervalFormatItem>
						<intervalFormatItem id="hm">
							<greatestDifference id="a" draft="unconfirmed">h:mm a - h:mm a</greatestDifference>
							<greatestDifference id="h" draft="unconfirmed">h:mm-h:mm a</greatestDifference>
							<greatestDifference id="m" draft="unconfirmed">h:mm-h:mm a</greatestDifference>
						</intervalFormatItem>
						<intervalFormatItem id="hmv">
							<greatestDifference id="a" draft="unconfirmed">h:mm a - h:mm a v</greatestDifference>
							<greatestDifference id="h" draft="unconfirmed">h:mm-h:mm a v</greatestDifference>
							<greatestDifference id="m" draft="unconfirmed">h:mm-h:mm a v</greatestDifference>
						</intervalFormatItem>
						<intervalFormatItem id="hv">
							<greatestDifference id="a" draft="unconfirmed">h a - h a v</greatestDifference>
							<greatestDifference id="h" draft="unconfirmed">h-h a v</greatestDifference>
						</intervalFormatItem>
						<intervalFormatItem id="M">
							<greatestDifference id="M" draft="unconfirmed">M-M</greatestDifference>
						</intervalFormatItem>
						<intervalFormatItem id="Md">
							<greatestDifference id="d" draft="unconfirmed">d/M - d/M</greatestDifference>
							<greatestDifference id="M" draft="unconfirmed">d/M - d/M</greatestDifference>
						</intervalFormatItem>
						<intervalFormatItem id="MEd">
							<greatestDifference id="d" draft="unconfirmed">E d/M - E d/M</greatestDifference>
							<greatestDifference id="M" draft="unconfirmed">E d/M - E d/M</greatestDifference>
						</intervalFormatItem>
						<intervalFormatItem id="MMM">
							<greatestDifference id="M" draft="unconfirmed">MMM-MMM</greatestDifference>
						</intervalFormatItem>
						<intervalFormatItem id="MMMd">
							<greatestDifference id="d" draft="unconfirmed">dd-dd MMM</greatestDifference>
							<greatestDifference id="M" draft="unconfirmed">dd MMM - dd MMM</greatestDifference>
						</intervalFormatItem>
						<intervalFormatItem id="MMMEd">
							<greatestDifference id="d" draft="unconfirmed">E dd - E dd MMM</greatestDifference>
							<greatestDifference id="M" draft="unconfirmed">E dd MMM - E dd MMM</greatestDifference>
						</intervalFormatItem>
						<intervalFormatItem id="y">
							<greatestDifference id="y" draft="unconfirmed">y-y</greatestDifference>
						</intervalFormatItem>
						<intervalFormatItem id="yM">
							<greatestDifference id="M" draft="unconfirmed">M/yyyy - M/yyyy</greatestDifference>
							<greatestDifference id="y" draft="unconfirmed">M/yyyy - M/yyyy</greatestDifference>
						</intervalFormatItem>
						<intervalFormatItem id="yMd">
							<greatestDifference id="d" draft="unconfirmed">d/M/yyyy - d/M/yyyy</greatestDifference>
							<greatestDifference id="M" draft="unconfirmed">d/M/yyyy - d/M/yyyy</greatestDifference>
							<greatestDifference id="y" draft="unconfirmed">d/M/yyyy - d/M/yyyy</greatestDifference>
						</intervalFormatItem>
						<intervalFormatItem id="yMEd">
							<greatestDifference id="d" draft="unconfirmed">E d/M/yyyy - E d/M/yyyy</greatestDifference>
							<greatestDifference id="M" draft="unconfirmed">E d/M/yyyy - E d/M/yyyy</greatestDifference>
							<greatestDifference id="y" draft="unconfirmed">E d/M/yyyy - E d/M/yyyy</greatestDifference>
						</intervalFormatItem>
						<intervalFormatItem id="yMMM">
							<greatestDifference id="M" draft="unconfirmed">MMM-MMM y</greatestDifference>
							<greatestDifference id="y" draft="unconfirmed">MMM y - MMM y</greatestDifference>
						</intervalFormatItem>
						<intervalFormatItem id="yMMMd">
							<greatestDifference id="d" draft="unconfirmed">dd-dd MMM y</greatestDifference>
							<greatestDifference id="M" draft="unconfirmed">dd MMM - dd MMM y</greatestDifference>
							<greatestDifference id="y" draft="unconfirmed">dd MMM y - dd MMM y</greatestDifference>
						</intervalFormatItem>
						<intervalFormatItem id="yMMMEd">
							<greatestDifference id="d" draft="unconfirmed">E dd - E dd MMM y</greatestDifference>
							<greatestDifference id="M" draft="unconfirmed">E dd MMM - E dd MMM y</greatestDifference>
							<greatestDifference id="y" draft="unconfirmed">E dd MMM y - E dd MMM y</greatestDifference>
						</intervalFormatItem>
					</intervalFormats>
				</dateTimeFormats>
			</calendar>
		</calendars>
		<timeZoneNames>
			<metazone type="Africa_Central">
				<commonlyUsed>true</commonlyUsed>
			</metazone>
			<metazone type="Africa_Eastern">
				<commonlyUsed>true</commonlyUsed>
			</metazone>
			<metazone type="Africa_Southern">
				<commonlyUsed>true</commonlyUsed>
			</metazone>
			<metazone type="Africa_Western">
				<commonlyUsed>true</commonlyUsed>
			</metazone>
		</timeZoneNames>
	</dates>
	<numbers>
		<currencyFormats>
			<currencyFormatLength>
				<currencyFormat>
					<pattern>¤#,##0.00</pattern>
				</currencyFormat>
			</currencyFormatLength>
		</currencyFormats>
	</numbers>
</ldml>
