<?xml version="1.0" encoding="UTF-8" ?>
<!DOCTYPE ldml SYSTEM "../../common/dtd/ldml.dtd">
<ldml>
	<identity>
		<version number="$Revision: 4876 $"/>
		<generation date="$Date: 2010-04-23 13:34:02 -0500 (Fri, 23 Apr 2010) $"/>
		<language type="wo"/>
	</identity>
	<localeDisplayNames>
		<languages>
			<language type="da">Danwaa</language>
			<language type="de">Almaa</language>
			<language type="en">Angale</language>
			<language type="es">Españool</language>
			<language type="fi">Finlaande</language>
			<language type="fr">Fraañse</language>
			<language type="it">Itaaliee</language>
			<language type="ja">Jappone</language>
			<language type="nl">Olaande</language>
			<language type="no">Norweejiee</language>
			<language type="pt">Portugees</language>
			<language type="sv">Suweedwaa</language>
		</languages>
	</localeDisplayNames>
	<characters>
		<exemplarCharacters references="R241">[a à b c d e é ë f g i j k l m n ñ ŋ o ó p q r s t u w x y]</exemplarCharacters>
		<exemplarCharacters type="auxiliary" references="R240">[ã h v z]</exemplarCharacters>
		<exemplarCharacters type="currencySymbol">[a b c d e f g h i j k l m n o p q r s t u v w x y z]</exemplarCharacters>
		<exemplarCharacters type="index">[A B C D E F G H I J K L M N Ŋ O P Q R S T U V W X Y Z]</exemplarCharacters>
	</characters>
	<dates>
		<timeZoneNames>
			<hourFormat>+HH:mm;-HH:mm</hourFormat>
			<gmtFormat>GMT{0}</gmtFormat>
		</timeZoneNames>
	</dates>
	<references>
		<reference type="R240" uri="http://www.eki.ee/letter/chardata.cgi?lang=wo+Wolof&amp;amp;amp;script=latin">Letter database (non-ASCII-range) for Wolof</reference>
		<reference type="R241" uri="http://developer.mimer.com/charts/wolof.htm">Mimer Wolof Collation</reference>
		<reference type="R242" uri="http://www.omniglot.com/writing/wolof.htm">Omniglot on Wolof</reference>
	</references>
</ldml>

