<?xml version="1.0" encoding="UTF-8" ?>
<!DOCTYPE ldmlBCP47 SYSTEM "../../common/dtd/ldmlBCP47.dtd">

<ldmlBCP47>
    <version number="$Revision: 4761 $"/>
    <generation date="$Date: 2010-02-26 18:11:12 -0600 (Fri, 26 Feb 2010) $"/>
    <keyword>
        <key name="cu" alias="currency">
            <type name="AFN"/>
            <type name="ANG"/>
            <type name="AOA"/>
            <type name="ARA"/>
            <type name="ARL"/>
            <type name="ARM"/>
            <type name="ARS"/>
            <type name="AUD"/>
            <type name="AWG"/>
            <type name="AZN"/>
            <type name="BAM"/>
            <type name="BBD"/>
            <type name="BDT"/>
            <type name="BEF"/>
            <type name="BHD"/>
            <type name="BIF"/>
            <type name="BMD"/>
            <type name="BND"/>
            <type name="BOB"/>
            <type name="BOP"/>
            <type name="BRL"/>
            <type name="BSD"/>
            <type name="BTN"/>
            <type name="BWP"/>
            <type name="BZD"/>
            <type name="CAD"/>
            <type name="CDF"/>
            <type name="CHF"/>
            <type name="CLE"/>
            <type name="CLP"/>
            <type name="CNY"/>
            <type name="COP"/>
            <type name="CRC"/>
            <type name="CUC"/>
            <type name="CUP"/>
            <type name="CVE"/>
            <type name="CYP"/>
            <type name="CZK"/>
            <type name="DEM"/>
            <type name="DJF"/>
            <type name="DKK"/>
            <type name="DOP"/>
            <type name="DZD"/>
            <type name="EEK"/>
            <type name="EGP"/>
            <type name="ERN"/>
            <type name="ESP"/>
            <type name="ETB"/>
            <type name="EUR"/>
            <type name="FIM"/>
            <type name="FJD"/>
            <type name="FKP"/>
            <type name="FRF"/>
            <type name="GBP"/>
            <type name="GHC"/>
            <type name="GHS"/>
            <type name="GIP"/>
            <type name="GMD"/>
            <type name="GNF"/>
            <type name="GRD"/>
            <type name="GTQ"/>
            <type name="GYD"/>
            <type name="HKD"/>
            <type name="HNL"/>
            <type name="HRK"/>
            <type name="HTG"/>
            <type name="HUF"/>
            <type name="IDR"/>
            <type name="IEP"/>
            <type name="ILP"/>
            <type name="ILS"/>
            <type name="INR"/>
            <type name="ISK"/>
            <type name="ITL"/>
            <type name="JMD"/>
            <type name="JOD"/>
            <type name="JPY"/>
            <type name="KES"/>
            <type name="KMF"/>
            <type name="KRW"/>
            <type name="KWD"/>
            <type name="KYD"/>
            <type name="LAK"/>
            <type name="LBP"/>
            <type name="LKR"/>
            <type name="LRD"/>
            <type name="LSL"/>
            <type name="LTL"/>
            <type name="LVL"/>
            <type name="LYD"/>
            <type name="MMK"/>
            <type name="MNT"/>
            <type name="MOP"/>
            <type name="MRO"/>
            <type name="MTL"/>
            <type name="MTP"/>
            <type name="MUR"/>
            <type name="MXP"/>
            <type name="MYR"/>
            <type name="MZM"/>
            <type name="MZN"/>
            <type name="NAD"/>
            <type name="NGN"/>
            <type name="NIO"/>
            <type name="NLG"/>
            <type name="NOK"/>
            <type name="NPR"/>
            <type name="NZD"/>
            <type name="PAB"/>
            <type name="PEI"/>
            <type name="PEN"/>
            <type name="PGK"/>
            <type name="PHP"/>
            <type name="PKR"/>
            <type name="PLN"/>
            <type name="PTE"/>
            <type name="PYG"/>
            <type name="QAR"/>
            <type name="RHD"/>
            <type name="RON"/>
            <type name="RSD"/>
            <type name="SAR"/>
            <type name="SBD"/>
            <type name="SCR"/>
            <type name="SDD"/>
            <type name="SEK"/>
            <type name="SGD"/>
            <type name="SHP"/>
            <type name="SKK"/>
            <type name="SLL"/>
            <type name="SOS"/>
            <type name="SRD"/>
            <type name="SRG"/>
            <type name="STD"/>
            <type name="SVC"/>
            <type name="SYP"/>
            <type name="SZL"/>
            <type name="THB"/>
            <type name="TMM"/>
            <type name="TND"/>
            <type name="TOP"/>
            <type name="TRL"/>
            <type name="TRY"/>
            <type name="TTD"/>
            <type name="TWD"/>
            <type name="TZS"/>
            <type name="UAH"/>
            <type name="UGX"/>
            <type name="USD"/>
            <type name="UYU"/>
            <type name="VEF"/>
            <type name="VND"/>
            <type name="VUV"/>
            <type name="WST"/>
            <type name="XAF"/>
            <type name="XCD"/>
            <type name="XOF"/>
            <type name="XPF"/>
            <type name="YER"/>
            <type name="ZAR"/>
            <type name="ZMK"/>
            <type name="ZRN"/>
            <type name="ZRZ"/>
            <type name="ZWD"/>
        </key>
    </keyword>
</ldmlBCP47>
