<?xml version="1.0" encoding="UTF-8" ?>
<!DOCTYPE ldmlBCP47 SYSTEM "../../common/dtd/ldmlBCP47.dtd">

<ldmlBCP47>
    <version number="$Revision: 4863 $"/>
    <generation date="$Date: 2010-04-20 16:52:06 -0500 (Tue, 20 Apr 2010) $"/>
    <keyword>
        <key name="tz" alias="timezone">
            <type name="adalv" alias="Europe/Andorra"/>
            <type name="aedxb" alias="Asia/Dubai"/>
            <type name="afkbl" alias="Asia/Kabul"/>
            <type name="aganu" alias="America/Antigua"/>
            <type name="aiaxa" alias="America/Anguilla"/>
            <type name="altia" alias="Europe/Tirane"/>
            <type name="amevn" alias="Asia/Yerevan"/>
            <type name="ancur" alias="America/Curacao"/>
            <type name="aolad" alias="Africa/Luanda"/>
            <type name="aqams" alias="Antarctica/South_Pole"/>
            <type name="aqcas" alias="Antarctica/Casey"/>
            <type name="aqdav" alias="Antarctica/Davis"/>
            <type name="aqddu" alias="Antarctica/DumontDUrville"/>
            <type name="aqmaw" alias="Antarctica/Mawson"/>
            <type name="aqmcm" alias="Antarctica/McMurdo"/>
            <type name="aqplm" alias="Antarctica/Palmer"/>
            <type name="aqrot" alias="Antarctica/Rothera"/>
            <type name="aqsyw" alias="Antarctica/Syowa"/>
            <type name="aqvos" alias="Antarctica/Vostok"/>
            <type name="arbue" alias="America/Buenos_Aires America/Argentina/Buenos_Aires"/>
            <type name="arcor" alias="America/Cordoba America/Argentina/Cordoba America/Rosario"/>
            <type name="arctc" alias="America/Catamarca America/Argentina/Catamarca America/Argentina/ComodRivadavia"/>
            <type name="arirj" alias="America/Argentina/La_Rioja"/>
            <type name="arjuj" alias="America/Jujuy America/Argentina/Jujuy"/>
            <type name="arluq" alias="America/Argentina/San_Luis"/>
            <type name="armdz" alias="America/Mendoza America/Argentina/Mendoza"/>
            <type name="arrgl" alias="America/Argentina/Rio_Gallegos"/>
            <type name="arsla" alias="America/Argentina/Salta"/>
            <type name="artuc" alias="America/Argentina/Tucuman"/>
            <type name="aruaq" alias="America/Argentina/San_Juan"/>
            <type name="arush" alias="America/Argentina/Ushuaia"/>
            <type name="asppg" alias="Pacific/Pago_Pago Pacific/Samoa US/Samoa"/>
            <type name="atvie" alias="Europe/Vienna"/>
            <type name="auadl" alias="Australia/Adelaide Australia/South"/>
            <type name="aubhq" alias="Australia/Broken_Hill Australia/Yancowinna"/>
            <type name="aubne" alias="Australia/Brisbane Australia/Queensland"/>
            <type name="audrw" alias="Australia/Darwin Australia/North"/>
            <type name="aueuc" alias="Australia/Eucla"/>
            <type name="auhba" alias="Australia/Hobart Australia/Tasmania"/>
            <type name="aukns" alias="Australia/Currie"/>
            <type name="auldc" alias="Australia/Lindeman"/>
            <type name="auldh" alias="Australia/Lord_Howe Australia/LHI"/>
            <type name="aumel" alias="Australia/Melbourne Australia/Victoria"/>
            <type name="aumqi" alias="Antarctica/Macquarie" since="1.8.1"/>
            <type name="auper" alias="Australia/Perth Australia/West"/>
            <type name="ausyd" alias="Australia/Sydney Australia/ACT Australia/Canberra Australia/NSW"/>
            <type name="awaua" alias="America/Aruba"/>
            <type name="azbak" alias="Asia/Baku"/>
            <type name="basjj" alias="Europe/Sarajevo"/>
            <type name="bbbgi" alias="America/Barbados"/>
            <type name="bddac" alias="Asia/Dhaka Asia/Dacca"/>
            <type name="bebru" alias="Europe/Brussels"/>
            <type name="bfoua" alias="Africa/Ouagadougou"/>
            <type name="bgsof" alias="Europe/Sofia"/>
            <type name="bhbah" alias="Asia/Bahrain"/>
            <type name="bibjm" alias="Africa/Bujumbura"/>
            <type name="bjptn" alias="Africa/Porto-Novo"/>
            <type name="bmbda" alias="Atlantic/Bermuda"/>
            <type name="bnbwn" alias="Asia/Brunei"/>
            <type name="bolpb" alias="America/La_Paz"/>
            <type name="braux" alias="America/Araguaina"/>
            <type name="brbel" alias="America/Belem"/>
            <type name="brbvb" alias="America/Boa_Vista"/>
            <type name="brcgb" alias="America/Cuiaba"/>
            <type name="brcgr" alias="America/Campo_Grande"/>
            <type name="brern" alias="America/Eirunepe"/>
            <type name="brfen" alias="America/Noronha Brazil/DeNoronha"/>
            <type name="brfor" alias="America/Fortaleza"/>
            <type name="brmao" alias="America/Manaus Brazil/West"/>
            <type name="brmcz" alias="America/Maceio"/>
            <type name="brpvh" alias="America/Porto_Velho"/>
            <type name="brrbr" alias="America/Rio_Branco America/Porto_Acre Brazil/Acre"/>
            <type name="brrec" alias="America/Recife"/>
            <type name="brsao" alias="America/Sao_Paulo Brazil/East"/>
            <type name="brssa" alias="America/Bahia"/>
            <type name="brstm" alias="America/Santarem"/>
            <type name="bsnas" alias="America/Nassau"/>
            <type name="btthi" alias="Asia/Thimphu Asia/Thimbu"/>
            <type name="bwgbe" alias="Africa/Gaborone"/>
            <type name="bymsq" alias="Europe/Minsk"/>
            <type name="bzbze" alias="America/Belize"/>
            <type name="caedm" alias="America/Edmonton Canada/Mountain"/>
            <type name="caffs" alias="America/Rainy_River"/>
            <type name="caglb" alias="America/Glace_Bay"/>
            <type name="cagoo" alias="America/Goose_Bay"/>
            <type name="cahal" alias="America/Halifax Canada/Atlantic SystemV/AST4ADT"/>
            <type name="caiql" alias="America/Iqaluit"/>
            <type name="camon" alias="America/Moncton"/>
            <type name="camtr" alias="America/Montreal"/>
            <type name="capnt" alias="America/Pangnirtung"/>
            <type name="careb" alias="America/Resolute"/>
            <type name="careg" alias="America/Regina Canada/East-Saskatchewan Canada/Saskatchewan"/>
            <type name="casjf" alias="America/St_Johns Canada/Newfoundland"/>
            <type name="cathu" alias="America/Nipigon"/>
            <type name="cathu" alias="America/Thunder_Bay"/>
            <type name="cator" alias="America/Toronto Canada/Eastern"/>
            <type name="cavan" alias="America/Vancouver Canada/Pacific"/>
            <type name="cawnp" alias="America/Winnipeg Canada/Central"/>
            <type name="caybx" alias="America/Blanc-Sablon"/>
            <type name="caycb" alias="America/Cambridge_Bay"/>
            <type name="cayda" alias="America/Dawson"/>
            <type name="caydq" alias="America/Dawson_Creek"/>
            <type name="cayek" alias="America/Rankin_Inlet"/>
            <type name="cayev" alias="America/Inuvik"/>
            <type name="cayxy" alias="America/Whitehorse Canada/Yukon"/>
            <type name="cayyn" alias="America/Swift_Current"/>
            <type name="cayzf" alias="America/Yellowknife"/>
            <type name="cayzs" alias="America/Coral_Harbour America/Atikokan"/>
            <type name="cccck" alias="Indian/Cocos"/>
            <type name="cdfbm" alias="Africa/Lubumbashi"/>
            <type name="cdfih" alias="Africa/Kinshasa"/>
            <type name="cfbgf" alias="Africa/Bangui"/>
            <type name="cgbzv" alias="Africa/Brazzaville"/>
            <type name="chzrh" alias="Europe/Zurich"/>
            <type name="ciabj" alias="Africa/Abidjan"/>
            <type name="ckrar" alias="Pacific/Rarotonga"/>
            <type name="clipc" alias="Pacific/Easter Chile/EasterIsland"/>
            <type name="clscl" alias="America/Santiago Chile/Continental"/>
            <type name="cmdla" alias="Africa/Douala"/>
            <type name="cnckg" alias="Asia/Chongqing Asia/Chungking"/>
            <type name="cnhrb" alias="Asia/Harbin"/>
            <type name="cnkhg" alias="Asia/Kashgar"/>
            <type name="cnsha" alias="Asia/Shanghai PRC"/>
            <type name="cnurc" alias="Asia/Urumqi"/>
            <type name="cobog" alias="America/Bogota"/>
            <type name="crsjo" alias="America/Costa_Rica"/>
            <type name="cst6cdt" alias="CST6CDT SystemV/CST6CDT" since="1.8"/>
            <type name="cuhav" alias="America/Havana Cuba"/>
            <type name="cvrai" alias="Atlantic/Cape_Verde"/>
            <type name="cxxch" alias="Indian/Christmas"/>
            <type name="cynic" alias="Asia/Nicosia Europe/Nicosia"/>
            <type name="czprg" alias="Europe/Prague"/>
            <type name="deber" alias="Europe/Berlin"/>
            <type name="djjib" alias="Africa/Djibouti"/>
            <type name="dkcph" alias="Europe/Copenhagen"/>
            <type name="dmdom" alias="America/Dominica"/>
            <type name="dosdq" alias="America/Santo_Domingo"/>
            <type name="dzalg" alias="Africa/Algiers"/>
            <type name="ecgps" alias="Pacific/Galapagos"/>
            <type name="ecgye" alias="America/Guayaquil"/>
            <type name="eetll" alias="Europe/Tallinn"/>
            <type name="egcai" alias="Africa/Cairo Egypt"/>
            <type name="eheai" alias="Africa/El_Aaiun"/>
            <type name="erasm" alias="Africa/Asmera Africa/Asmara"/>
            <type name="esceu" alias="Africa/Ceuta"/>
            <type name="eslpa" alias="Atlantic/Canary"/>
            <type name="esmad" alias="Europe/Madrid"/>
            <type name="est5edt" alias="EST5EDT SystemV/EST5EDT" since="1.8"/>
            <type name="etadd" alias="Africa/Addis_Ababa"/>
            <type name="fihel" alias="Europe/Helsinki"/>
            <type name="fimhq" alias="Europe/Mariehamn"/>
            <type name="fjsuv" alias="Pacific/Fiji"/>
            <type name="fkpsy" alias="Atlantic/Stanley"/>
            <type name="fmksa" alias="Pacific/Kosrae"/>
            <type name="fmpni" alias="Pacific/Ponape"/>
            <type name="fmtkk" alias="Pacific/Truk Pacific/Yap"/>
            <type name="fotho" alias="Atlantic/Faeroe Atlantic/Faroe"/>
            <type name="frpar" alias="Europe/Paris"/>
            <type name="galbv" alias="Africa/Libreville"/>
            <type name="gaza" alias="Asia/Gaza"/>
            <type name="gblon" alias="Europe/London Europe/Belfast GB GB-Eire"/>
            <type name="gdgnd" alias="America/Grenada"/>
            <type name="getbs" alias="Asia/Tbilisi"/>
            <type name="gfcay" alias="America/Cayenne"/>
            <type name="gggci" alias="Europe/Guernsey"/>
            <type name="ghacc" alias="Africa/Accra"/>
            <type name="gigib" alias="Europe/Gibraltar"/>
            <type name="gldkshvn" alias="America/Danmarkshavn"/>
            <type name="glgoh" alias="America/Godthab"/>
            <type name="globy" alias="America/Scoresbysund"/>
            <type name="glthu" alias="America/Thule"/>
            <type name="gmbjl" alias="Africa/Banjul"/>
            <type name="gncky" alias="Africa/Conakry"/>
            <type name="gpbbr" alias="America/Guadeloupe"/>
            <type name="gpmsb" alias="America/Marigot"/>
            <type name="gpsbh" alias="America/St_Barthelemy"/>
            <type name="gqssg" alias="Africa/Malabo"/>
            <type name="grath" alias="Europe/Athens"/>
            <type name="gsgrv" alias="Atlantic/South_Georgia"/>
            <type name="gtgua" alias="America/Guatemala"/>
            <type name="gugum" alias="Pacific/Guam"/>
            <type name="gwoxb" alias="Africa/Bissau"/>
            <type name="gygeo" alias="America/Guyana"/>
            <type name="hkhkg" alias="Asia/Hong_Kong Hongkong"/>
            <type name="hntgu" alias="America/Tegucigalpa"/>
            <type name="hrzag" alias="Europe/Zagreb"/>
            <type name="htpap" alias="America/Port-au-Prince"/>
            <type name="hubud" alias="Europe/Budapest"/>
            <type name="iddjj" alias="Asia/Jayapura"/>
            <type name="idjkt" alias="Asia/Jakarta"/>
            <type name="idmak" alias="Asia/Makassar Asia/Ujung_Pandang"/>
            <type name="idpnk" alias="Asia/Pontianak"/>
            <type name="iedub" alias="Europe/Dublin Eire"/>
            <type name="imdgs" alias="Europe/Isle_of_Man"/>
            <type name="inccu" alias="Asia/Calcutta Asia/Kolkata"/>
            <type name="iodga" alias="Indian/Chagos"/>
            <type name="iqbgw" alias="Asia/Baghdad"/>
            <type name="irthr" alias="Asia/Tehran Iran"/>
            <type name="isrey" alias="Atlantic/Reykjavik Iceland"/>
            <type name="itrom" alias="Europe/Rome"/>
            <type name="jeruslm" alias="Asia/Jerusalem Asia/Tel_Aviv Israel"/>
            <type name="jesth" alias="Europe/Jersey"/>
            <type name="jmkin" alias="America/Jamaica Jamaica"/>
            <type name="joamm" alias="Asia/Amman"/>
            <type name="jptyo" alias="Asia/Tokyo Japan"/>
            <type name="kenbo" alias="Africa/Nairobi"/>
            <type name="kgfru" alias="Asia/Bishkek"/>
            <type name="khpnh" alias="Asia/Phnom_Penh"/>
            <type name="kicxi" alias="Pacific/Kiritimati"/>
            <type name="kipho" alias="Pacific/Enderbury"/>
            <type name="kitrw" alias="Pacific/Tarawa"/>
            <type name="kmyva" alias="Indian/Comoro"/>
            <type name="knbas" alias="America/St_Kitts"/>
            <type name="kpfnj" alias="Asia/Pyongyang"/>
            <type name="krsel" alias="Asia/Seoul ROK"/>
            <type name="kwkwi" alias="Asia/Kuwait"/>
            <type name="kygec" alias="America/Cayman"/>
            <type name="kzaau" alias="Asia/Aqtau"/>
            <type name="kzakx" alias="Asia/Aqtobe"/>
            <type name="kzala" alias="Asia/Almaty"/>
            <type name="kzkzo" alias="Asia/Qyzylorda"/>
            <type name="kzura" alias="Asia/Oral"/>
            <type name="lavte" alias="Asia/Vientiane"/>
            <type name="lbbey" alias="Asia/Beirut"/>
            <type name="lccas" alias="America/St_Lucia"/>
            <type name="livdz" alias="Europe/Vaduz"/>
            <type name="lkcmb" alias="Asia/Colombo"/>
            <type name="lrmlw" alias="Africa/Monrovia"/>
            <type name="lsmsu" alias="Africa/Maseru"/>
            <type name="ltvno" alias="Europe/Vilnius"/>
            <type name="lulux" alias="Europe/Luxembourg"/>
            <type name="lvrix" alias="Europe/Riga"/>
            <type name="lytip" alias="Africa/Tripoli Libya"/>
            <type name="macas" alias="Africa/Casablanca"/>
            <type name="mcmon" alias="Europe/Monaco"/>
            <type name="mdkiv" alias="Europe/Chisinau Europe/Tiraspol"/>
            <type name="metgd" alias="Europe/Podgorica"/>
            <type name="mgtnr" alias="Indian/Antananarivo"/>
            <type name="mhkwa" alias="Pacific/Kwajalein Kwajalein"/>
            <type name="mhmaj" alias="Pacific/Majuro"/>
            <type name="mkskp" alias="Europe/Skopje"/>
            <type name="mlbko" alias="Africa/Bamako Africa/Timbuktu"/>
            <type name="mmrgn" alias="Asia/Rangoon"/>
            <type name="mncoq" alias="Asia/Choibalsan"/>
            <type name="mnhvd" alias="Asia/Hovd"/>
            <type name="mnuln" alias="Asia/Ulaanbaatar Asia/Ulan_Bator"/>
            <type name="momfm" alias="Asia/Macau Asia/Macao"/>
            <type name="mpspn" alias="Pacific/Saipan"/>
            <type name="mqfdf" alias="America/Martinique"/>
            <type name="mrnkc" alias="Africa/Nouakchott"/>
            <type name="msmni" alias="America/Montserrat"/>
            <type name="mst7mdt" alias="MST7MDT SystemV/MST7MDT" since="1.8"/>
            <type name="mtmla" alias="Europe/Malta"/>
            <type name="muplu" alias="Indian/Mauritius"/>
            <type name="mvmle" alias="Indian/Maldives"/>
            <type name="mwblz" alias="Africa/Blantyre"/>
            <type name="mxchi" alias="America/Chihuahua"/>
            <type name="mxcun" alias="America/Cancun"/>
            <type name="mxhmo" alias="America/Hermosillo"/>
            <type name="mxmam" alias="America/Matamoros"/>
            <type name="mxmex" alias="America/Mexico_City Mexico/General"/>
            <type name="mxmid" alias="America/Merida"/>
            <type name="mxmty" alias="America/Monterrey"/>
            <type name="mxmzt" alias="America/Mazatlan Mexico/BajaSur"/>
            <type name="mxoji" alias="America/Ojinaga"/>
            <type name="mxstis" alias="America/Santa_Isabel"/>
            <type name="mxtij" alias="America/Tijuana America/Ensenada Mexico/BajaNorte"/>
            <type name="mykch" alias="Asia/Kuching"/>
            <type name="mykul" alias="Asia/Kuala_Lumpur"/>
            <type name="mzmpm" alias="Africa/Maputo"/>
            <type name="nawdh" alias="Africa/Windhoek"/>
            <type name="ncnou" alias="Pacific/Noumea"/>
            <type name="nenim" alias="Africa/Niamey"/>
            <type name="nfnlk" alias="Pacific/Norfolk"/>
            <type name="nglos" alias="Africa/Lagos"/>
            <type name="nimga" alias="America/Managua"/>
            <type name="nlams" alias="Europe/Amsterdam"/>
            <type name="noosl" alias="Europe/Oslo"/>
            <type name="npktm" alias="Asia/Katmandu Asia/Kathmandu"/>
            <type name="nrinu" alias="Pacific/Nauru"/>
            <type name="nuiue" alias="Pacific/Niue"/>
            <type name="nzakl" alias="Pacific/Auckland NZ"/>
            <type name="nzcht" alias="Pacific/Chatham NZ-CHAT"/>
            <type name="ommct" alias="Asia/Muscat"/>
            <type name="papty" alias="America/Panama"/>
            <type name="pelim" alias="America/Lima"/>
            <type name="pfgmr" alias="Pacific/Gambier"/>
            <type name="pfnhv" alias="Pacific/Marquesas"/>
            <type name="pfppt" alias="Pacific/Tahiti"/>
            <type name="pgpom" alias="Pacific/Port_Moresby"/>
            <type name="phmnl" alias="Asia/Manila"/>
            <type name="pkkhi" alias="Asia/Karachi"/>
            <type name="plwaw" alias="Europe/Warsaw Poland"/>
            <type name="pmmqc" alias="America/Miquelon"/>
            <type name="pnpcn" alias="Pacific/Pitcairn"/>
            <type name="prsju" alias="America/Puerto_Rico"/>
            <type name="pst8pdt" alias="PST8PDT SystemV/PST8PDT" since="1.8"/>
            <type name="ptfnc" alias="Atlantic/Madeira"/>
            <type name="ptlis" alias="Europe/Lisbon Portugal"/>
            <type name="ptpdl" alias="Atlantic/Azores"/>
            <type name="pwror" alias="Pacific/Palau"/>
            <type name="pyasu" alias="America/Asuncion"/>
            <type name="qadoh" alias="Asia/Qatar"/>
            <type name="rereu" alias="Indian/Reunion"/>
            <type name="robuh" alias="Europe/Bucharest"/>
            <type name="rsbeg" alias="Europe/Belgrade"/>
            <type name="rudyr" alias="Asia/Anadyr"/>
            <type name="rugdx" alias="Asia/Magadan"/>
            <type name="ruikt" alias="Asia/Irkutsk"/>
            <type name="rukgd" alias="Europe/Kaliningrad"/>
            <type name="rukra" alias="Asia/Krasnoyarsk"/>
            <type name="rukuf" alias="Europe/Samara"/>
            <type name="rumow" alias="Europe/Moscow W-SU"/>
            <type name="runoz" alias="Asia/Novokuznetsk"/>
            <type name="ruoms" alias="Asia/Omsk"/>
            <type name="ruovb" alias="Asia/Novosibirsk"/>
            <type name="rupkc" alias="Asia/Kamchatka"/>
            <type name="ruuus" alias="Asia/Sakhalin"/>
            <type name="ruvog" alias="Europe/Volgograd"/>
            <type name="ruvvo" alias="Asia/Vladivostok"/>
            <type name="ruyek" alias="Asia/Yekaterinburg"/>
            <type name="ruyks" alias="Asia/Yakutsk"/>
            <type name="rwkgl" alias="Africa/Kigali"/>
            <type name="saruh" alias="Asia/Riyadh"/>
            <type name="sbhir" alias="Pacific/Guadalcanal"/>
            <type name="scmaw" alias="Indian/Mahe"/>
            <type name="sdkrt" alias="Africa/Khartoum"/>
            <type name="sesto" alias="Europe/Stockholm"/>
            <type name="sgsin" alias="Asia/Singapore Singapore"/>
            <type name="shshn" alias="Atlantic/St_Helena"/>
            <type name="silju" alias="Europe/Ljubljana"/>
            <type name="sjlyr" alias="Arctic/Longyearbyen Atlantic/Jan_Mayen"/>
            <type name="skbts" alias="Europe/Bratislava"/>
            <type name="slfna" alias="Africa/Freetown"/>
            <type name="smsai" alias="Europe/San_Marino"/>
            <type name="sndkr" alias="Africa/Dakar"/>
            <type name="somgq" alias="Africa/Mogadishu"/>
            <type name="srpbm" alias="America/Paramaribo"/>
            <type name="sttms" alias="Africa/Sao_Tome"/>
            <type name="svsal" alias="America/El_Salvador"/>
            <type name="sydam" alias="Asia/Damascus"/>
            <type name="szqmn" alias="Africa/Mbabane"/>
            <type name="tcgdt" alias="America/Grand_Turk"/>
            <type name="tdndj" alias="Africa/Ndjamena"/>
            <type name="tfpfr" alias="Indian/Kerguelen"/>
            <type name="tglfw" alias="Africa/Lome"/>
            <type name="thbkk" alias="Asia/Bangkok"/>
            <type name="tjdyu" alias="Asia/Dushanbe"/>
            <type name="tkfko" alias="Pacific/Fakaofo"/>
            <type name="tldil" alias="Asia/Dili"/>
            <type name="tmasb" alias="Asia/Ashgabat Asia/Ashkhabad"/>
            <type name="tntun" alias="Africa/Tunis"/>
            <type name="totbu" alias="Pacific/Tongatapu"/>
            <type name="trist" alias="Europe/Istanbul Asia/Istanbul Turkey"/>
            <type name="ttpos" alias="America/Port_of_Spain"/>
            <type name="tvfun" alias="Pacific/Funafuti"/>
            <type name="twtpe" alias="Asia/Taipei ROC"/>
            <type name="tzdar" alias="Africa/Dar_es_Salaam"/>
            <type name="uaiev" alias="Europe/Kiev"/>
            <type name="uaozh" alias="Europe/Zaporozhye"/>
            <type name="uasip" alias="Europe/Simferopol"/>
            <type name="uauzh" alias="Europe/Uzhgorod"/>
            <type name="ugkla" alias="Africa/Kampala"/>
            <type name="umawk" alias="Pacific/Wake"/>
            <type name="umjon" alias="Pacific/Johnston"/>
            <type name="ummdy" alias="Pacific/Midway"/>
            <type name="unk" alias="Etc/Unknown"/>
            <type name="usadk" alias="America/Adak America/Atka US/Aleutian"/>
            <type name="usaeg" alias="America/Indiana/Marengo"/>
            <type name="usanc" alias="America/Anchorage SystemV/YST9YDT US/Alaska"/>
            <type name="usboi" alias="America/Boise"/>
            <type name="uschi" alias="America/Chicago US/Central"/>
            <type name="usden" alias="America/Denver US/Mountain"/>
            <type name="usdet" alias="America/Detroit US/Michigan"/>
            <type name="ushnl" alias="Pacific/Honolulu US/Hawaii"/>
            <type name="usind" alias="America/Indianapolis America/Fort_Wayne America/Indiana/Indianapolis US/East-Indiana"/>
            <type name="usinvev" alias="America/Indiana/Vevay"/>
            <type name="usjnu" alias="America/Juneau"/>
            <type name="usknx" alias="America/Indiana/Knox America/Knox_IN US/Indiana-Starke"/>
            <type name="uslax" alias="America/Los_Angeles US/Pacific US/Pacific-New"/>
            <type name="uslui" alias="America/Louisville America/Kentucky/Louisville"/>
            <type name="usmnm" alias="America/Menominee"/>
            <type name="usmoc" alias="America/Kentucky/Monticello"/>
            <type name="usnavajo" alias="America/Shiprock Navajo"/>
            <type name="usndcnt" alias="America/North_Dakota/Center"/>
            <type name="usndnsl" alias="America/North_Dakota/New_Salem"/>
            <type name="usnyc" alias="America/New_York US/Eastern"/>
            <type name="usoea" alias="America/Indiana/Vincennes"/>
            <type name="usome" alias="America/Nome"/>
            <type name="usphx" alias="America/Phoenix US/Arizona"/>
            <type name="ustel" alias="America/Indiana/Tell_City"/>
            <type name="uswlz" alias="America/Indiana/Winamac"/>
            <type name="uswsq" alias="America/Indiana/Petersburg"/>
            <type name="usyak" alias="America/Yakutat"/>
            <type name="utc" alias="Etc/GMT Etc/GMT+0 Etc/GMT-0 Etc/GMT0 Etc/Greenwich Etc/UCT Etc/UTC Etc/Universal Etc/Zulu GMT GMT+0 GMT-0 GMT0 Greenwich UCT UTC Universal Zulu"/>
            <type name="utce01" alias="Etc/GMT-1"/>
            <type name="utce02" alias="Etc/GMT-2"/>
            <type name="utce03" alias="Etc/GMT-3"/>
            <type name="utce04" alias="Etc/GMT-4"/>
            <type name="utce05" alias="Etc/GMT-5"/>
            <type name="utce06" alias="Etc/GMT-6"/>
            <type name="utce07" alias="Etc/GMT-7"/>
            <type name="utce08" alias="Etc/GMT-8"/>
            <type name="utce09" alias="Etc/GMT-9"/>
            <type name="utce10" alias="Etc/GMT-10"/>
            <type name="utce11" alias="Etc/GMT-11"/>
            <type name="utce12" alias="Etc/GMT-12"/>
            <type name="utce13" alias="Etc/GMT-13"/>
            <type name="utce14" alias="Etc/GMT-14"/>
            <type name="utcw01" alias="Etc/GMT+1"/>
            <type name="utcw02" alias="Etc/GMT+2"/>
            <type name="utcw03" alias="Etc/GMT+3"/>
            <type name="utcw04" alias="Etc/GMT+4 SystemV/AST4"/>
            <type name="utcw05" alias="Etc/GMT+5 EST SystemV/EST5"/>
            <type name="utcw06" alias="Etc/GMT+6 SystemV/CST6"/>
            <type name="utcw07" alias="Etc/GMT+7 MST SystemV/MST7"/>
            <type name="utcw08" alias="Etc/GMT+8 SystemV/PST8"/>
            <type name="utcw09" alias="Etc/GMT+9 SystemV/YST9"/>
            <type name="utcw10" alias="Etc/GMT+10 HST SystemV/HST10"/>
            <type name="utcw11" alias="Etc/GMT+11"/>
            <type name="utcw12" alias="Etc/GMT+12"/>
            <type name="uymvd" alias="America/Montevideo"/>
            <type name="uzskd" alias="Asia/Samarkand"/>
            <type name="uztas" alias="Asia/Tashkent"/>
            <type name="vavat" alias="Europe/Vatican"/>
            <type name="vcsvd" alias="America/St_Vincent"/>
            <type name="veccs" alias="America/Caracas"/>
            <type name="vgtov" alias="America/Tortola"/>
            <type name="vistt" alias="America/St_Thomas America/Virgin"/>
            <type name="vnsgn" alias="Asia/Saigon Asia/Ho_Chi_Minh"/>
            <type name="vuvli" alias="Pacific/Efate"/>
            <type name="wfmau" alias="Pacific/Wallis"/>
            <type name="wsapw" alias="Pacific/Apia"/>
            <type name="yeade" alias="Asia/Aden"/>
            <type name="ytmam" alias="Indian/Mayotte"/>
            <type name="zajnb" alias="Africa/Johannesburg"/>
            <type name="zmlun" alias="Africa/Lusaka"/>
            <type name="zwhre" alias="Africa/Harare"/>
        </key>
    </keyword>
</ldmlBCP47>
